post_id	date	section	label	url	link	review_status
215	2025-12-21 09:06:00	1	автомобильный адаптер UGREEN серии Nexode	https://exler.es/aliexpress/delimsya-nahodkami-iz-kitajskih-magazinov-251.htm	https://s.click.aliexpress.com/e/_c3SIvywD	unreviewed_link_not_product
215	2025-12-21 09:06:00	2	держатель для смартфона	https://exler.es/aliexpress/delimsya-nahodkami-iz-kitajskih-magazinov-251.htm	https://s.click.aliexpress.com/e/_c3lHKtSl	unreviewed_link_not_product
215	2025-12-21 09:06:00	3	внешний аккумулятор Vention	https://exler.es/aliexpress/delimsya-nahodkami-iz-kitajskih-magazinov-251.htm	https://s.click.aliexpress.com/e/_c3C3d64d	unreviewed_link_not_product
215	2025-12-21 09:06:00	4	Большие настольные или настенные часы	https://exler.es/aliexpress/delimsya-nahodkami-iz-kitajskih-magazinov-251.htm	https://s.click.aliexpress.com/e/_c2we6Ca1	unreviewed_link_not_product
215	2025-12-21 09:06:00	5	"удлинитель Tessan ""18 в 1"""	https://exler.es/aliexpress/delimsya-nahodkami-iz-kitajskih-magazinov-251.htm	https://s.click.aliexpress.com/e/_c3KqMnu1	unreviewed_link_not_product
215	2025-12-21 09:06:00	5	вот хороший вариант	https://exler.es/aliexpress/delimsya-nahodkami-iz-kitajskih-magazinov-251.htm	https://s.click.aliexpress.com/e/_c3MLnbCv	unreviewed_link_not_product
215	2025-12-21 09:06:00	6	тапки-слипперы	https://exler.es/aliexpress/delimsya-nahodkami-iz-kitajskih-magazinov-251.htm	https://s.click.aliexpress.com/e/_c3u01P0v	unreviewed_link_not_product
215	2025-12-21 09:06:00	7	расширитель PCI-E	https://exler.es/aliexpress/delimsya-nahodkami-iz-kitajskih-magazinov-251.htm	https://s.click.aliexpress.com/e/_c2v0KhQH	unreviewed_link_not_product
215	2025-12-21 09:06:00	8	мини-хаб для ноутбука	https://exler.es/aliexpress/delimsya-nahodkami-iz-kitajskih-magazinov-251.htm	https://s.click.aliexpress.com/e/_c3F3LvOl	unreviewed_link_not_product
215	2025-12-21 09:06:00	9	набор из 40 солевых батареек - 20 AA и 20 AAA	https://exler.es/aliexpress/delimsya-nahodkami-iz-kitajskih-magazinov-251.htm	https://s.click.aliexpress.com/e/_c3vmVULj	unreviewed_link_not_product
215	2025-12-21 09:06:00	9	набор более дорогих щелочных батареек - 12 AA и 12 AAA	https://exler.es/aliexpress/delimsya-nahodkami-iz-kitajskih-magazinov-251.htm	https://s.click.aliexpress.com/e/_c3A8lCcH	unreviewed_link_not_product
259	2025-12-14 10:18:00	1	UGREEN MagFlow Qi2.2 25W 2-in-1	https://exler.es/aliexpress/delimsya-nahodkami-iz-kitajskih-magazinov-250.htm	https://s.click.aliexpress.com/e/_c4VKHQXX	unreviewed_link_not_product
259	2025-12-14 10:18:00	1	"аналогичный магнитный адаптер ""2 в 1"""	https://exler.es/aliexpress/delimsya-nahodkami-iz-kitajskih-magazinov-250.htm	https://s.click.aliexpress.com/e/_c4a1mXev	unreviewed_link_not_product
259	2025-12-14 10:18:00	2	механическое яйцо-антистресс	https://exler.es/aliexpress/delimsya-nahodkami-iz-kitajskih-magazinov-250.htm	https://s.click.aliexpress.com/e/_c3yyTOe5	unreviewed_link_not_product
259	2025-12-14 10:18:00	3	вот такой неплохой вариант	https://exler.es/aliexpress/delimsya-nahodkami-iz-kitajskih-magazinov-250.htm	https://s.click.aliexpress.com/e/_c3yFXfjT	unreviewed_link_not_product
259	2025-12-14 10:18:00	4	магнитные грелки для рук	https://exler.es/aliexpress/delimsya-nahodkami-iz-kitajskih-magazinov-250.htm	https://s.click.aliexpress.com/e/_c3OMukWH	unreviewed_link_not_product
259	2025-12-14 10:18:00	5	Xiaomi MiJia Mi TDS Meter Tester	https://exler.es/aliexpress/delimsya-nahodkami-iz-kitajskih-magazinov-250.htm	https://s.click.aliexpress.com/e/_c3SxTqpx	unreviewed_link_not_product
259	2025-12-14 10:18:00	6	ANKER Soundcore Space One	https://exler.es/aliexpress/delimsya-nahodkami-iz-kitajskih-magazinov-250.htm	https://s.click.aliexpress.com/e/_c3FgfPqh	unreviewed_link_not_product
259	2025-12-14 10:18:00	7	сумки для ноутбука	https://exler.es/aliexpress/delimsya-nahodkami-iz-kitajskih-magazinov-250.htm	https://s.click.aliexpress.com/e/_c32e6jX7	unreviewed_link_not_product
259	2025-12-14 10:18:00	8	вот такой копеечный усилитель Xiaomi	https://exler.es/aliexpress/delimsya-nahodkami-iz-kitajskih-magazinov-250.htm	https://s.click.aliexpress.com/e/_c3zpHzP3	unreviewed_link_not_product
259	2025-12-14 10:18:00	9	терка со сменными головками	https://exler.es/aliexpress/delimsya-nahodkami-iz-kitajskih-magazinov-250.htm	https://s.click.aliexpress.com/e/_c3MgOTBT	unreviewed_link_not_product
299	2025-12-07 09:57:00	1	GaN-адаптер питания мощностью 100 Вт	https://exler.es/aliexpress/delimsya-nahodkami-iz-kitajskih-magazinov-249.htm	https://s.click.aliexpress.com/e/_c3s2mfMz	unreviewed_link_not_product
299	2025-12-07 09:57:00	2	металлическая подставка	https://exler.es/aliexpress/delimsya-nahodkami-iz-kitajskih-magazinov-249.htm	https://s.click.aliexpress.com/e/_c4OH8QnP	unreviewed_link_not_product
299	2025-12-07 09:57:00	3	Магнитный кабель Baseus USB-A - Type-C	https://exler.es/aliexpress/delimsya-nahodkami-iz-kitajskih-magazinov-249.htm	https://s.click.aliexpress.com/e/_c42hMP7T	unreviewed_link_not_product
299	2025-12-07 09:57:00	4	Lenovo Thinkplus LP5 Pro	https://exler.es/aliexpress/delimsya-nahodkami-iz-kitajskih-magazinov-249.htm	https://s.click.aliexpress.com/e/_c3eoLM3X	unreviewed_link_not_product
299	2025-12-07 09:57:00	5	Рюкзак от известного бренда OIWAS	https://exler.es/aliexpress/delimsya-nahodkami-iz-kitajskih-magazinov-249.htm	https://s.click.aliexpress.com/e/_c4pPjW2l	unreviewed_link_not_product
299	2025-12-07 09:57:00	6	внешний аккумулятор с MagSafe KUULAA	https://exler.es/aliexpress/delimsya-nahodkami-iz-kitajskih-magazinov-249.htm	https://s.click.aliexpress.com/e/_c4NgHjzr	unreviewed_link_not_product
299	2025-12-07 09:57:00	7	Tronsmart Bang	https://exler.es/aliexpress/delimsya-nahodkami-iz-kitajskih-magazinov-249.htm	https://s.click.aliexpress.com/e/_c3ajPDs5	unreviewed_link_not_product
299	2025-12-07 09:57:00	8	зубная щетка Sejoy JS10-1	https://exler.es/aliexpress/delimsya-nahodkami-iz-kitajskih-magazinov-249.htm	https://s.click.aliexpress.com/e/_c2u2KMNx	unreviewed_link_not_product
299	2025-12-07 09:57:00	9	вот такое устройство	https://exler.es/aliexpress/delimsya-nahodkami-iz-kitajskih-magazinov-249.htm	https://s.click.aliexpress.com/e/_c4Fy049F	unreviewed_link_not_product
299	2025-12-07 09:57:00	9	намного более продвинутое устройство	https://exler.es/aliexpress/delimsya-nahodkami-iz-kitajskih-magazinov-249.htm	https://s.click.aliexpress.com/e/_c3XdhRF3	unreviewed_link_not_product
299	2025-12-07 09:57:00	10	Xiaomi TV Box S 3rd Gen	https://exler.es/aliexpress/delimsya-nahodkami-iz-kitajskih-magazinov-249.htm	https://s.click.aliexpress.com/e/_c404tNBT	unreviewed_link_not_product
337	2025-11-30 09:41:00	1	UGREEN Nexode внешний аккумулятор 20000 мАч, 165 Вт с выдвижным кабелем	https://exler.es/aliexpress/delimsya-nahodkami-iz-kitajskih-magazinov-248.htm	https://s.click.aliexpress.com/e/_c4VCEh3b	unreviewed_link_not_product
337	2025-11-30 09:41:00	2	Многофункциональный светильник	https://exler.es/aliexpress/delimsya-nahodkami-iz-kitajskih-magazinov-248.htm	https://s.click.aliexpress.com/e/_c3kZGh9F	unreviewed_link_not_product
337	2025-11-30 09:41:00	3	цена опустилась ниже 200 евро	https://exler.es/aliexpress/delimsya-nahodkami-iz-kitajskih-magazinov-248.htm	https://s.click.aliexpress.com/e/_c3YzPzvF	unreviewed_link_not_product
337	2025-11-30 09:41:00	4	HiDANCE	https://exler.es/aliexpress/delimsya-nahodkami-iz-kitajskih-magazinov-248.htm	https://s.click.aliexpress.com/e/_c3igR3Zb	unreviewed_link_not_product
337	2025-11-30 09:41:00	5	забавная наклейка с Санта Клаусом	https://exler.es/aliexpress/delimsya-nahodkami-iz-kitajskih-magazinov-248.htm	https://s.click.aliexpress.com/e/_c3xQKEpP	unreviewed_link_not_product
337	2025-11-30 09:41:00	6	Xiaomi Mijia S500	https://exler.es/aliexpress/delimsya-nahodkami-iz-kitajskih-magazinov-248.htm	https://s.click.aliexpress.com/e/_c4346IYN	unreviewed_link_not_product
337	2025-11-30 09:41:00	6	Xiaomi Mijia S700	https://exler.es/aliexpress/delimsya-nahodkami-iz-kitajskih-magazinov-248.htm	https://s.click.aliexpress.com/e/_c4ldnqWh	unreviewed_link_not_product
337	2025-11-30 09:41:00	7	Xiaomi Mi Band 10	https://exler.es/aliexpress/delimsya-nahodkami-iz-kitajskih-magazinov-248.htm	https://s.click.aliexpress.com/e/_c434KweD	unreviewed_link_not_product
337	2025-11-30 09:41:00	8	SAMEUO U700	https://exler.es/aliexpress/delimsya-nahodkami-iz-kitajskih-magazinov-248.htm	https://s.click.aliexpress.com/e/_c3KiI39b	unreviewed_link_not_product
337	2025-11-30 09:41:00	9	популярной эргономичной мышки	https://exler.es/aliexpress/delimsya-nahodkami-iz-kitajskih-magazinov-248.htm	https://s.click.aliexpress.com/e/_c3MlB129	unreviewed_link_not_product
337	2025-11-30 09:41:00	10	датчик дыма Tuya	https://exler.es/aliexpress/delimsya-nahodkami-iz-kitajskih-magazinov-248.htm	https://s.click.aliexpress.com/e/_c38Zp54h	unreviewed_link_not_product
377	2025-11-23 09:30:00	1	Трекер типа AirTag	https://exler.es/aliexpress/delimsya-nahodkami-iz-kitajskih-magazinov-247.htm	http://s.click.aliexpress.com/e/_c4cns9Pf	unreviewed_link_not_product
377	2025-11-23 09:30:00	1	аналогичный от UGREEN	https://exler.es/aliexpress/delimsya-nahodkami-iz-kitajskih-magazinov-247.htm	https://s.click.aliexpress.com/e/_c3vXeBqd	unreviewed_link_not_product
377	2025-11-23 09:30:00	2	Аккумуляторы Baseus на 10000 и 20000 мАч	https://exler.es/aliexpress/delimsya-nahodkami-iz-kitajskih-magazinov-247.htm	https://s.click.aliexpress.com/e/_c331bZ4h	unreviewed_link_not_product
377	2025-11-23 09:30:00	3	Вместительный рюкзак от Tigernu	https://exler.es/aliexpress/delimsya-nahodkami-iz-kitajskih-magazinov-247.htm	https://s.click.aliexpress.com/e/_c4TD7Yj3	unreviewed_link_not_product
377	2025-11-23 09:30:00	4	Realme P3 lite	https://exler.es/aliexpress/delimsya-nahodkami-iz-kitajskih-magazinov-247.htm	https://s.click.aliexpress.com/e/_c4oC4QcH	unreviewed_link_not_product
377	2025-11-23 09:30:00	5	полноформатные беспроводные наушники Baseus Bowie H1i	https://exler.es/aliexpress/delimsya-nahodkami-iz-kitajskih-magazinov-247.htm	https://s.click.aliexpress.com/e/_c2wcL40V	unreviewed_link_not_product
377	2025-11-23 09:30:00	6	Теплые зимние тапки	https://exler.es/aliexpress/delimsya-nahodkami-iz-kitajskih-magazinov-247.htm	https://s.click.aliexpress.com/e/_c4OYAXkZ	unreviewed_link_not_product
377	2025-11-23 09:30:00	7	еще вот такие котики	https://exler.es/aliexpress/delimsya-nahodkami-iz-kitajskih-magazinov-247.htm	https://s.click.aliexpress.com/e/_c35x7kbx	unreviewed_link_not_product
377	2025-11-23 09:30:00	8	Компактный беспроводной компрессор Baseus	https://exler.es/aliexpress/delimsya-nahodkami-iz-kitajskih-magazinov-247.htm	https://s.click.aliexpress.com/e/_c44rPoat	unreviewed_link_not_product
377	2025-11-23 09:30:00	9	Мощный внешний аккумулятор	https://exler.es/aliexpress/delimsya-nahodkami-iz-kitajskih-magazinov-247.htm	https://s.click.aliexpress.com/e/_c2JWbNdx	unreviewed_link_not_product
377	2025-11-23 09:30:00	10	Десктопный микрофон UGREEN	https://exler.es/aliexpress/delimsya-nahodkami-iz-kitajskih-magazinov-247.htm	https://s.click.aliexpress.com/e/_c3OIF4TF	unreviewed_link_not_product
417	2025-11-16 09:00:00	1	Redmi Pad Pro	https://exler.es/aliexpress/delimsya-nahodkami-iz-kitajskih-magazinov-246.htm	https://s.click.aliexpress.com/e/_c4ThQ5bx	unreviewed_link_not_product
417	2025-11-16 09:00:00	2	Напольный увлажнитель воздуха с дисплеем	https://exler.es/aliexpress/delimsya-nahodkami-iz-kitajskih-magazinov-246.htm	https://s.click.aliexpress.com/e/_c3JSW0N3	unreviewed_link_not_product
417	2025-11-16 09:00:00	3	кабель Type-C - Type-C	https://exler.es/aliexpress/delimsya-nahodkami-iz-kitajskih-magazinov-246.htm	https://s.click.aliexpress.com/e/_c42xnhOH	unreviewed_link_not_product
417	2025-11-16 09:00:00	4	OnePlus Watch 2R	https://exler.es/aliexpress/delimsya-nahodkami-iz-kitajskih-magazinov-246.htm	https://s.click.aliexpress.com/e/_c3TXEqsl	unreviewed_link_not_product
417	2025-11-16 09:00:00	5	дрель-шуруповерт Xiaomi Mijia	https://exler.es/aliexpress/delimsya-nahodkami-iz-kitajskih-magazinov-246.htm	https://s.click.aliexpress.com/e/_c3hp1R1j	unreviewed_link_not_product
417	2025-11-16 09:00:00	6	GaN-адаптер Baseus	https://exler.es/aliexpress/delimsya-nahodkami-iz-kitajskih-magazinov-246.htm	https://s.click.aliexpress.com/e/_c3wF3R3X	unreviewed_link_not_product
417	2025-11-16 09:00:00	7	автомобильный зарядный адаптер QOOVI	https://exler.es/aliexpress/delimsya-nahodkami-iz-kitajskih-magazinov-246.htm	https://s.click.aliexpress.com/e/_c4rTwQMd	unreviewed_link_not_product
417	2025-11-16 09:00:00	8	органайзеров для кабелей KUULAA	https://exler.es/aliexpress/delimsya-nahodkami-iz-kitajskih-magazinov-246.htm	https://s.click.aliexpress.com/e/_c3NwOmHn	unreviewed_link_not_product
417	2025-11-16 09:00:00	9	Хороший выбор наплечных сумок	https://exler.es/aliexpress/delimsya-nahodkami-iz-kitajskih-magazinov-246.htm	https://s.click.aliexpress.com/e/_c3CkSbjX	unreviewed_link_not_product
417	2025-11-16 09:00:00	10	универсальных кардридеров UGREEN	https://exler.es/aliexpress/delimsya-nahodkami-iz-kitajskih-magazinov-246.htm	https://s.click.aliexpress.com/e/_c4Bzs6HR	unreviewed_link_not_product
457	2025-11-09 09:00:00	1	Xiaomi Redmi 15C	https://exler.es/aliexpress/delimsya-nahodkami-iz-kitajskih-magazinov-245.htm	https://s.click.aliexpress.com/e/_c3CDwHz9	unreviewed_link_not_product
457	2025-11-09 09:00:00	2	тестер для батареек	https://exler.es/aliexpress/delimsya-nahodkami-iz-kitajskih-magazinov-245.htm	https://s.click.aliexpress.com/e/_c4kccGij	unreviewed_link_not_product
457	2025-11-09 09:00:00	3	Xiaomi Pad 7	https://exler.es/aliexpress/delimsya-nahodkami-iz-kitajskih-magazinov-245.htm	https://s.click.aliexpress.com/e/_c2zP7aOL	unreviewed_link_not_product
457	2025-11-09 09:00:00	4	носков из бамбуковой ткани	https://exler.es/aliexpress/delimsya-nahodkami-iz-kitajskih-magazinov-245.htm	https://s.click.aliexpress.com/e/_c3QukdL1	unreviewed_link_not_product
457	2025-11-09 09:00:00	5	Amazfit GTR 4	https://exler.es/aliexpress/delimsya-nahodkami-iz-kitajskih-magazinov-245.htm	https://s.click.aliexpress.com/e/_c4eYWheJ	unreviewed_link_not_product
457	2025-11-09 09:00:00	6	док-станция для ноутбуков от Orico	https://exler.es/aliexpress/delimsya-nahodkami-iz-kitajskih-magazinov-245.htm	https://s.click.aliexpress.com/e/_c4EFiavZ	unreviewed_link_not_product
457	2025-11-09 09:00:00	7	UGREEN Studio Plus	https://exler.es/aliexpress/delimsya-nahodkami-iz-kitajskih-magazinov-245.htm	https://s.click.aliexpress.com/e/_c3rfBBiP	unreviewed_link_not_product
457	2025-11-09 09:00:00	8	зарядный адаптер Essager	https://exler.es/aliexpress/delimsya-nahodkami-iz-kitajskih-magazinov-245.htm	https://s.click.aliexpress.com/e/_c3s79VQn	unreviewed_link_not_product
457	2025-11-09 09:00:00	9	Обычные флешки	https://exler.es/aliexpress/delimsya-nahodkami-iz-kitajskih-magazinov-245.htm	https://s.click.aliexpress.com/e/_c3Wfg9iP	unreviewed_link_not_product
457	2025-11-09 09:00:00	10	вот такие подставки Rocoren	https://exler.es/aliexpress/delimsya-nahodkami-iz-kitajskih-magazinov-245.htm	https://s.click.aliexpress.com/e/_c3fc9A3H	unreviewed_link_not_product
503	2025-11-02 10:35:00	0	водонепроницаемый чехол с завязками для складного зонта	https://exler.es/aliexpress/delimsya-nahodkami-iz-kitajskih-magazinov-244.htm	https://s.click.aliexpress.com/e/_c3XiOu79	unreviewed_link_not_product
503	2025-11-02 10:35:00	1	металлический светильник	https://exler.es/aliexpress/delimsya-nahodkami-iz-kitajskih-magazinov-244.htm	https://s.click.aliexpress.com/e/_c4XMhyAx	unreviewed_link_not_product
503	2025-11-02 10:35:00	2	двух электрических мельничек	https://exler.es/aliexpress/delimsya-nahodkami-iz-kitajskih-magazinov-244.htm	https://s.click.aliexpress.com/e/_c2zGCCoJ	unreviewed_link_not_product
503	2025-11-02 10:35:00	3	"набор прецизионных отверток "" 130 в 1"""	https://exler.es/aliexpress/delimsya-nahodkami-iz-kitajskih-magazinov-244.htm	https://s.click.aliexpress.com/e/_c3IXUzFv	unreviewed_link_not_product
503	2025-11-02 10:35:00	4	подвеска для наушников	https://exler.es/aliexpress/delimsya-nahodkami-iz-kitajskih-magazinov-244.htm	https://s.click.aliexpress.com/e/_c3Acd7YT	unreviewed_link_not_product
503	2025-11-02 10:35:00	5	QCY H3	https://exler.es/aliexpress/delimsya-nahodkami-iz-kitajskih-magazinov-244.htm	https://s.click.aliexpress.com/e/_c4ekdTcL	unreviewed_link_not_product
503	2025-11-02 10:35:00	6	держатель для смартфона	https://exler.es/aliexpress/delimsya-nahodkami-iz-kitajskih-magazinov-244.htm	https://s.click.aliexpress.com/e/_c3sTmQYT	unreviewed_link_not_product
503	2025-11-02 10:35:00	7	беспроводная деревянная колонка	https://exler.es/aliexpress/delimsya-nahodkami-iz-kitajskih-magazinov-244.htm	https://s.click.aliexpress.com/e/_c2xbRG1H	unreviewed_link_not_product
503	2025-11-02 10:35:00	8	док-станции Orico	https://exler.es/aliexpress/delimsya-nahodkami-iz-kitajskih-magazinov-244.htm	https://s.click.aliexpress.com/e/_c3ATCnlZ	unreviewed_link_not_product
503	2025-11-02 10:35:00	9	автомобильный адаптер	https://exler.es/aliexpress/delimsya-nahodkami-iz-kitajskih-magazinov-244.htm	https://s.click.aliexpress.com/e/_c4UQtQc3	unreviewed_link_not_product
543	2025-10-26 09:00:00	0	корпус для SSD формата M.2 от Baseus	https://exler.es/aliexpress/delimsya-nahodkami-iz-kitajskih-magazinov-243.htm	https://s.click.aliexpress.com/e/_c3gdFKDV	unreviewed_link_not_product
543	2025-10-26 09:00:00	1	Вместительный органайзер	https://exler.es/aliexpress/delimsya-nahodkami-iz-kitajskih-magazinov-243.htm	https://s.click.aliexpress.com/e/_c4pDB8yx	unreviewed_link_not_product
543	2025-10-26 09:00:00	2	INKBIRD ITH-20	https://exler.es/aliexpress/delimsya-nahodkami-iz-kitajskih-magazinov-243.htm	https://s.click.aliexpress.com/e/_c30JJq4F	unreviewed_link_not_product
543	2025-10-26 09:00:00	3	магнитный держатель-подставка	https://exler.es/aliexpress/delimsya-nahodkami-iz-kitajskih-magazinov-243.htm	https://s.click.aliexpress.com/e/_c3ZhbUg7	unreviewed_link_not_product
543	2025-10-26 09:00:00	4	Xiaomi Pad 7 Pro	https://exler.es/aliexpress/delimsya-nahodkami-iz-kitajskih-magazinov-243.htm	https://s.click.aliexpress.com/e/_c3L7orWT	unreviewed_link_not_product
543	2025-10-26 09:00:00	5	WEST BIKING Portable Bicycle Cable Lock	https://exler.es/aliexpress/delimsya-nahodkami-iz-kitajskih-magazinov-243.htm	https://s.click.aliexpress.com/e/_c4bsH3W7	unreviewed_link_not_product
543	2025-10-26 09:00:00	6	удлинитель и зарядный адаптер Orico	https://exler.es/aliexpress/delimsya-nahodkami-iz-kitajskih-magazinov-243.htm	http://s.click.aliexpress.com/e/_c36JKIrD	unreviewed_link_not_product
543	2025-10-26 09:00:00	7	рюкзака Swiss Military	https://exler.es/aliexpress/delimsya-nahodkami-iz-kitajskih-magazinov-243.htm	https://s.click.aliexpress.com/e/_c3Zsh0xh	unreviewed_link_not_product
543	2025-10-26 09:00:00	8	внешний SSD	https://exler.es/aliexpress/delimsya-nahodkami-iz-kitajskih-magazinov-243.htm	https://s.click.aliexpress.com/e/_c3xGQtRz	unreviewed_link_not_product
543	2025-10-26 09:00:00	9	адаптеры от Ugreeen	https://exler.es/aliexpress/delimsya-nahodkami-iz-kitajskih-magazinov-243.htm	https://s.click.aliexpress.com/e/_c3eQjMM7	unreviewed_link_not_product
586	2025-10-19 09:00:00	0	забавных наклеек	https://exler.es/aliexpress/delimsya-nahodkami-iz-kitajskih-magazinov-242.htm	https://s.click.aliexpress.com/e/_c3v0127d	unreviewed_link_not_product
586	2025-10-19 09:00:00	1	пробочник для особо неуступчивых пробок	https://exler.es/aliexpress/delimsya-nahodkami-iz-kitajskih-magazinov-242.htm	https://s.click.aliexpress.com/e/_c4ESEaDD	unreviewed_link_not_product
586	2025-10-19 09:00:00	2	INKBIRD INT-11I-B	https://exler.es/aliexpress/delimsya-nahodkami-iz-kitajskih-magazinov-242.htm	https://s.click.aliexpress.com/e/_c4lhPnSR	unreviewed_link_not_product
586	2025-10-19 09:00:00	3	MAIWO	https://exler.es/aliexpress/delimsya-nahodkami-iz-kitajskih-magazinov-242.htm	https://s.click.aliexpress.com/e/_c3D2fAhh	unreviewed_link_not_product
586	2025-10-19 09:00:00	4	GaN-адаптер AOHI Youth	https://exler.es/aliexpress/delimsya-nahodkami-iz-kitajskih-magazinov-242.htm	https://s.click.aliexpress.com/e/_c4Kl93rv	unreviewed_link_not_product
586	2025-10-19 09:00:00	5	магнитный картхолдер	https://exler.es/aliexpress/delimsya-nahodkami-iz-kitajskih-magazinov-242.htm	https://s.click.aliexpress.com/e/_c4bBPw5D	unreviewed_link_not_product
586	2025-10-19 09:00:00	6	мультитул от NextTool	https://exler.es/aliexpress/delimsya-nahodkami-iz-kitajskih-magazinov-242.htm	https://s.click.aliexpress.com/e/_c32KAUx5	unreviewed_link_not_product
586	2025-10-19 09:00:00	7	сумка-шоппер	https://exler.es/aliexpress/delimsya-nahodkami-iz-kitajskih-magazinov-242.htm	https://s.click.aliexpress.com/e/_c36SCaj5	unreviewed_link_not_product
586	2025-10-19 09:00:00	8	Xiaomi Mijia S500	https://exler.es/aliexpress/delimsya-nahodkami-iz-kitajskih-magazinov-242.htm	https://s.click.aliexpress.com/e/_c4dnY0n5	unreviewed_link_not_product
586	2025-10-19 09:00:00	8	модель S700	https://exler.es/aliexpress/delimsya-nahodkami-iz-kitajskih-magazinov-242.htm	https://s.click.aliexpress.com/e/_c3VRTDNV	unreviewed_link_not_product
586	2025-10-19 09:00:00	9	Флешка-брелок	https://exler.es/aliexpress/delimsya-nahodkami-iz-kitajskih-magazinov-242.htm	https://s.click.aliexpress.com/e/_c2vp4KND	unreviewed_link_not_product
629	2025-10-12 09:00:00	1	Teclast P50 Case	https://exler.es/aliexpress/delimsya-nahodkami-iz-kitajskih-magazinov-241.htm	https://s.click.aliexpress.com/e/_c3NLC1hh	unreviewed_link_not_product
629	2025-10-12 09:00:00	2	Мини-клавиатура с тачпэдом	https://exler.es/aliexpress/delimsya-nahodkami-iz-kitajskih-magazinov-241.htm	https://s.click.aliexpress.com/e/_c3Onc727	unreviewed_link_not_product
629	2025-10-12 09:00:00	3	Средство безопасности	https://exler.es/aliexpress/delimsya-nahodkami-iz-kitajskih-magazinov-241.htm	https://s.click.aliexpress.com/e/_c3HE7QmB	unreviewed_link_not_product
629	2025-10-12 09:00:00	4	Zime Z5	https://exler.es/aliexpress/delimsya-nahodkami-iz-kitajskih-magazinov-241.htm	https://s.click.aliexpress.com/e/_c4bRMFoJ	unreviewed_link_not_product
629	2025-10-12 09:00:00	5	Xiaomi Mijia Bedside Lamp 2	https://exler.es/aliexpress/delimsya-nahodkami-iz-kitajskih-magazinov-241.htm	https://s.click.aliexpress.com/e/_c3jYmihz	unreviewed_link_not_product
629	2025-10-12 09:00:00	6	Soundcore by Anker P40i	https://exler.es/aliexpress/delimsya-nahodkami-iz-kitajskih-magazinov-241.htm	https://s.click.aliexpress.com/e/_c2uML5yf	unreviewed_link_not_product
629	2025-10-12 09:00:00	7	корпус для SSD формата M.2 от Baseus	https://exler.es/aliexpress/delimsya-nahodkami-iz-kitajskih-magazinov-241.htm	https://s.click.aliexpress.com/e/_c3gdFKDV	unreviewed_link_not_product
629	2025-10-12 09:00:00	8	складной рюкзачок	https://exler.es/aliexpress/delimsya-nahodkami-iz-kitajskih-magazinov-241.htm	https://s.click.aliexpress.com/e/_c3VuMctH	unreviewed_link_not_product
629	2025-10-12 09:00:00	9	70mai 4K M800	https://exler.es/aliexpress/delimsya-nahodkami-iz-kitajskih-magazinov-241.htm	https://s.click.aliexpress.com/e/_c33jeRLd	unreviewed_link_not_product
629	2025-10-12 09:00:00	10	Xiaomi Mijia Sonic Vibration Pro	https://exler.es/aliexpress/delimsya-nahodkami-iz-kitajskih-magazinov-241.htm	https://s.click.aliexpress.com/e/_c2QFRzOx	unreviewed_link_not_product
676	2025-10-05 09:00:00	0	MOVESPEED M25Pro	https://exler.es/aliexpress/delimsya-nahodkami-iz-kitajskih-magazinov-240.htm	https://s.click.aliexpress.com/e/_c3sN85kj	unreviewed_link_not_product
676	2025-10-05 09:00:00	1	Ugreen Studio Max2	https://exler.es/aliexpress/delimsya-nahodkami-iz-kitajskih-magazinov-240.htm	https://s.click.aliexpress.com/e/_c3Uv44i3	unreviewed_link_not_product
676	2025-10-05 09:00:00	2	"USB-хаб для ноутбука UGREEN ""10 в 1"""	https://exler.es/aliexpress/delimsya-nahodkami-iz-kitajskih-magazinov-240.htm	https://s.click.aliexpress.com/e/_c4andl8T	unreviewed_link_not_product
676	2025-10-05 09:00:00	3	OSCOO MD008	https://exler.es/aliexpress/delimsya-nahodkami-iz-kitajskih-magazinov-240.htm	https://s.click.aliexpress.com/e/_c4kUMUrd	unreviewed_link_not_product
676	2025-10-05 09:00:00	4	появилась глобальная версия	https://exler.es/aliexpress/delimsya-nahodkami-iz-kitajskih-magazinov-240.htm	https://s.click.aliexpress.com/e/_c44JpWVp	unreviewed_link_not_product
676	2025-10-05 09:00:00	5	Маленький нож-брелок	https://exler.es/aliexpress/delimsya-nahodkami-iz-kitajskih-magazinov-240.htm	https://s.click.aliexpress.com/e/_c3ij6mVZ	unreviewed_link_not_product
676	2025-10-05 09:00:00	5	маленькие отвертки	https://exler.es/aliexpress/delimsya-nahodkami-iz-kitajskih-magazinov-240.htm	https://s.click.aliexpress.com/e/_c4kbtfjv	unreviewed_link_not_product
676	2025-10-05 09:00:00	6	Термометр для мяса	https://exler.es/aliexpress/delimsya-nahodkami-iz-kitajskih-magazinov-240.htm	https://s.click.aliexpress.com/e/_c4mcKGxl	unreviewed_link_not_product
676	2025-10-05 09:00:00	7	WEIXIER	https://exler.es/aliexpress/delimsya-nahodkami-iz-kitajskih-magazinov-240.htm	https://s.click.aliexpress.com/e/_c4my4ZpH	unreviewed_link_not_product
676	2025-10-05 09:00:00	8	HDMI-переключатель Baseus	https://exler.es/aliexpress/delimsya-nahodkami-iz-kitajskih-magazinov-240.htm	https://s.click.aliexpress.com/e/_c40rP8qx	unreviewed_link_not_product
754	2025-09-21 09:00:00	0	CMF Buds 2a	https://exler.es/aliexpress/delimsya-nahodkami-iz-kitajskih-magazinov-239.htm	https://s.click.aliexpress.com/e/_oERUDyp	unreviewed_link_not_product
754	2025-09-21 09:00:00	1	UGREEN WiFi6 AX1800	https://exler.es/aliexpress/delimsya-nahodkami-iz-kitajskih-magazinov-239.htm	https://s.click.aliexpress.com/e/_c3Jn5EHh	unreviewed_link_not_product
754	2025-09-21 09:00:00	2	Dreamlight 4S	https://exler.es/aliexpress/delimsya-nahodkami-iz-kitajskih-magazinov-239.htm	https://s.click.aliexpress.com/e/_c39PrQLz	unreviewed_link_not_product
754	2025-09-21 09:00:00	2	ушных затычек	https://exler.es/aliexpress/delimsya-nahodkami-iz-kitajskih-magazinov-239.htm	https://s.click.aliexpress.com/e/_c3ZOIZP1	unreviewed_link_not_product
754	2025-09-21 09:00:00	3	"Удобный хаб ""8 в 1"""	https://exler.es/aliexpress/delimsya-nahodkami-iz-kitajskih-magazinov-239.htm	https://s.click.aliexpress.com/e/_c4cwTQ4n	unreviewed_link_not_product
754	2025-09-21 09:00:00	4	Универсальный кабель	https://exler.es/aliexpress/delimsya-nahodkami-iz-kitajskih-magazinov-239.htm	https://s.click.aliexpress.com/e/_c37Zbuxd	unreviewed_link_not_product
754	2025-09-21 09:00:00	5	DDPAI 4K Dash Cam N5 Dual	https://exler.es/aliexpress/delimsya-nahodkami-iz-kitajskih-magazinov-239.htm	https://s.click.aliexpress.com/e/_c3AJtMmF	unreviewed_link_not_product
754	2025-09-21 09:00:00	6	Проектор	https://exler.es/aliexpress/delimsya-nahodkami-iz-kitajskih-magazinov-239.htm	https://s.click.aliexpress.com/e/_c4nkdQqT	unreviewed_link_not_product
754	2025-09-21 09:00:00	7	Edifier HECATE G200	https://exler.es/aliexpress/delimsya-nahodkami-iz-kitajskih-magazinov-239.htm	https://s.click.aliexpress.com/e/_c3vi38mb	unreviewed_link_not_product
754	2025-09-21 09:00:00	8	мультитул	https://exler.es/aliexpress/delimsya-nahodkami-iz-kitajskih-magazinov-239.htm	https://s.click.aliexpress.com/e/_c3AMOhDN	unreviewed_link_not_product
754	2025-09-21 09:00:00	9	вот этот аккумулятор от Movespeed	https://exler.es/aliexpress/delimsya-nahodkami-iz-kitajskih-magazinov-239.htm	https://s.click.aliexpress.com/e/_c3QrA6Dv	unreviewed_link_not_product
754	2025-09-21 09:00:00	9	50 евро	https://exler.es/aliexpress/delimsya-nahodkami-iz-kitajskih-magazinov-239.htm	https://s.click.aliexpress.com/e/_c3fO3Y4f	unreviewed_link_not_product
797	2025-09-14 09:00:00	0	достаточно вместительный рюкзак из мягкой ткани	https://exler.es/aliexpress/delimsya-nahodkami-iz-kitajskih-magazinov-238.htm	https://s.click.aliexpress.com/e/_oFRw93p	unreviewed_link_not_product
797	2025-09-14 09:00:00	1	Данный ланч-бокс	https://exler.es/aliexpress/delimsya-nahodkami-iz-kitajskih-magazinov-238.htm	https://s.click.aliexpress.com/e/_oErUEVN	unreviewed_link_not_product
797	2025-09-14 09:00:00	2	Soundcore Anker Sport X20	https://exler.es/aliexpress/delimsya-nahodkami-iz-kitajskih-magazinov-238.htm	https://s.click.aliexpress.com/e/_oCCRvWf	unreviewed_link_not_product
797	2025-09-14 09:00:00	2	Soundcore Anker Sport X10	https://exler.es/aliexpress/delimsya-nahodkami-iz-kitajskih-magazinov-238.htm	https://s.click.aliexpress.com/e/_olPwson	unreviewed_link_not_product
797	2025-09-14 09:00:00	2	наушники Mpow Flame	https://exler.es/aliexpress/delimsya-nahodkami-iz-kitajskih-magazinov-238.htm	https://s.click.aliexpress.com/e/_oplUI63	unreviewed_link_not_product
797	2025-09-14 09:00:00	3	Realme 14 Pro Plus	https://exler.es/aliexpress/delimsya-nahodkami-iz-kitajskih-magazinov-238.htm	http://s.click.aliexpress.com/e/_oC4Ht6J	unreviewed_link_not_product
797	2025-09-14 09:00:00	4	мужские кожаные ремни	https://exler.es/aliexpress/delimsya-nahodkami-iz-kitajskih-magazinov-238.htm	https://s.click.aliexpress.com/e/_okAJukP	unreviewed_link_not_product
797	2025-09-14 09:00:00	5	разнообразных декантеров	https://exler.es/aliexpress/delimsya-nahodkami-iz-kitajskih-magazinov-238.htm	https://s.click.aliexpress.com/e/_oEvBS1D	unreviewed_link_not_product
797	2025-09-14 09:00:00	6	Мультитул в виде брелока	https://exler.es/aliexpress/delimsya-nahodkami-iz-kitajskih-magazinov-238.htm	https://s.click.aliexpress.com/e/_om0ueFd	unreviewed_link_not_product
797	2025-09-14 09:00:00	7	Mijia Night Light 3	https://exler.es/aliexpress/delimsya-nahodkami-iz-kitajskih-magazinov-238.htm	https://s.click.aliexpress.com/e/_oFT6lPV	unreviewed_link_not_product
843	2025-09-07 09:26:00	0	Ностальгичные керамические чашки	https://exler.es/aliexpress/delimsya-nahodkami-iz-kitajskih-magazinov-237.htm	https://s.click.aliexpress.com/e/_om585Bd	unreviewed_link_not_product
843	2025-09-07 09:26:00	1	стаканы с двойными стенками	https://exler.es/aliexpress/delimsya-nahodkami-iz-kitajskih-magazinov-237.htm	https://s.click.aliexpress.com/e/_oCLFAan	unreviewed_link_not_product
843	2025-09-07 09:26:00	2	Профессиональный официантский пробочник	https://exler.es/aliexpress/delimsya-nahodkami-iz-kitajskih-magazinov-237.htm	https://s.click.aliexpress.com/e/_oFlfc0b	unreviewed_link_not_product
843	2025-09-07 09:26:00	2	вот нашел тот, который у меня	https://exler.es/aliexpress/delimsya-nahodkami-iz-kitajskih-magazinov-237.htm	https://s.click.aliexpress.com/e/_ondiS0x	unreviewed_link_not_product
843	2025-09-07 09:26:00	3	Oneodio SuperEQ S10	https://exler.es/aliexpress/delimsya-nahodkami-iz-kitajskih-magazinov-237.htm	https://s.click.aliexpress.com/e/_oDqlCeP	unreviewed_link_not_product
843	2025-09-07 09:26:00	4	таймер	https://exler.es/aliexpress/delimsya-nahodkami-iz-kitajskih-magazinov-237.htm	https://s.click.aliexpress.com/e/_onjWLCT	unreviewed_link_not_product
843	2025-09-07 09:26:00	5	отличный планшет Redmi Pad SE	https://exler.es/aliexpress/delimsya-nahodkami-iz-kitajskih-magazinov-237.htm	https://s.click.aliexpress.com/e/_okPr9Xv	unreviewed_link_not_product
843	2025-09-07 09:26:00	6	UGREEN Car Air Pump	https://exler.es/aliexpress/delimsya-nahodkami-iz-kitajskih-magazinov-237.htm	https://s.click.aliexpress.com/e/_okiSbPD	unreviewed_link_not_product
843	2025-09-07 09:26:00	7	Zeblaze Ares 3 Pro	https://exler.es/aliexpress/delimsya-nahodkami-iz-kitajskih-magazinov-237.htm	https://s.click.aliexpress.com/e/_oFjGxXZ	unreviewed_link_not_product
843	2025-09-07 09:26:00	8	Внешний SSD в формате флешки	https://exler.es/aliexpress/delimsya-nahodkami-iz-kitajskih-magazinov-237.htm	https://s.click.aliexpress.com/e/_oDaJdqt	unreviewed_link_not_product
843	2025-09-07 09:26:00	9	POCO X7 Pro	https://exler.es/aliexpress/delimsya-nahodkami-iz-kitajskih-magazinov-237.htm	https://s.click.aliexpress.com/e/_omXgfEt	unreviewed_link_not_product
883	2025-08-31 09:33:00	0	вот этот диспенсер	https://exler.es/aliexpress/delimsya-nahodkami-iz-kitajskih-magazinov-236.htm	https://s.click.aliexpress.com/e/_okP19pP	unreviewed_link_not_product
883	2025-08-31 09:33:00	1	складной стул-трость	https://exler.es/aliexpress/delimsya-nahodkami-iz-kitajskih-magazinov-236.htm	https://s.click.aliexpress.com/e/_oDUUHjb	unreviewed_link_not_product
883	2025-08-31 09:33:00	1	вот вариант как у меня	https://exler.es/aliexpress/delimsya-nahodkami-iz-kitajskih-magazinov-236.htm	https://s.click.aliexpress.com/e/_oFisRc9	unreviewed_link_not_product
883	2025-08-31 09:33:00	2	такого переходника	https://exler.es/aliexpress/delimsya-nahodkami-iz-kitajskih-magazinov-236.htm	https://s.click.aliexpress.com/e/_oEW81mh	unreviewed_link_not_product
883	2025-08-31 09:33:00	2	вот такие	https://exler.es/aliexpress/delimsya-nahodkami-iz-kitajskih-magazinov-236.htm	https://s.click.aliexpress.com/e/_oFWmRZR	unreviewed_link_not_product
883	2025-08-31 09:33:00	3	Фейковое куриное яйцо	https://exler.es/aliexpress/delimsya-nahodkami-iz-kitajskih-magazinov-236.htm	https://s.click.aliexpress.com/e/_oDaq6BP	unreviewed_link_not_product
883	2025-08-31 09:33:00	4	вакууматор	https://exler.es/aliexpress/delimsya-nahodkami-iz-kitajskih-magazinov-236.htm	https://s.click.aliexpress.com/e/_oFnkjpR	unreviewed_link_not_product
883	2025-08-31 09:33:00	4	вот эти	https://exler.es/aliexpress/delimsya-nahodkami-iz-kitajskih-magazinov-236.htm	https://es.aliexpress.com/item/1005007124153177.html	unreviewed_link_not_product
883	2025-08-31 09:33:00	5	вот такой монитор производства компании INKBIRD	https://exler.es/aliexpress/delimsya-nahodkami-iz-kitajskih-magazinov-236.htm	https://s.click.aliexpress.com/e/_oDxILB7	unreviewed_link_not_product
883	2025-08-31 09:33:00	6	несколько видов органайзеров	https://exler.es/aliexpress/delimsya-nahodkami-iz-kitajskih-magazinov-236.htm	https://s.click.aliexpress.com/e/_okRTkED	unreviewed_link_not_product
883	2025-08-31 09:33:00	7	"удлинитель ""12 в 1"""	https://exler.es/aliexpress/delimsya-nahodkami-iz-kitajskih-magazinov-236.htm	https://s.click.aliexpress.com/e/_omhvu5n	unreviewed_link_not_product
924	2025-08-24 09:00:00	0	автомобильный зарядный адаптер	https://exler.es/aliexpress/delimsya-nahodkami-iz-kitajskih-magazinov-235.htm	https://s.click.aliexpress.com/e/_ooOEAER	unreviewed_link_not_product
924	2025-08-24 09:00:00	1	автоматический складной зонт	https://exler.es/aliexpress/delimsya-nahodkami-iz-kitajskih-magazinov-235.htm	https://s.click.aliexpress.com/e/_oCQm5Gj	unreviewed_link_not_product
924	2025-08-24 09:00:00	2	Xiaomi Redmi Pad 2	https://exler.es/aliexpress/delimsya-nahodkami-iz-kitajskih-magazinov-235.htm	https://s.click.aliexpress.com/e/_okpjn1h	unreviewed_link_not_product
924	2025-08-24 09:00:00	3	воздуходувка	https://exler.es/aliexpress/delimsya-nahodkami-iz-kitajskih-magazinov-235.htm	https://s.click.aliexpress.com/e/_omIlizZ	unreviewed_link_not_product
924	2025-08-24 09:00:00	4	полноценный увлажнитель	https://exler.es/aliexpress/delimsya-nahodkami-iz-kitajskih-magazinov-235.htm	https://s.click.aliexpress.com/e/_oEVLgRH	unreviewed_link_not_product
924	2025-08-24 09:00:00	5	полноформатные наушники Baseus EH10	https://exler.es/aliexpress/delimsya-nahodkami-iz-kitajskih-magazinov-235.htm	https://s.click.aliexpress.com/e/_okfvB71	unreviewed_link_not_product
924	2025-08-24 09:00:00	6	рюкзак	https://exler.es/aliexpress/delimsya-nahodkami-iz-kitajskih-magazinov-235.htm	https://s.click.aliexpress.com/e/_onYal6L	unreviewed_link_not_product
924	2025-08-24 09:00:00	7	Zeblaze Stratos 4	https://exler.es/aliexpress/delimsya-nahodkami-iz-kitajskih-magazinov-235.htm	https://s.click.aliexpress.com/e/_omkJKsL	unreviewed_link_not_product
924	2025-08-24 09:00:00	8	робот-пылесос ILIFE V20	https://exler.es/aliexpress/delimsya-nahodkami-iz-kitajskih-magazinov-235.htm	https://s.click.aliexpress.com/e/_oFsrv5D	unreviewed_link_not_product
924	2025-08-24 09:00:00	9	вот такой интересный вариант	https://exler.es/aliexpress/delimsya-nahodkami-iz-kitajskih-magazinov-235.htm	https://s.click.aliexpress.com/e/_okGmcM3	unreviewed_link_not_product
958	2025-08-17 09:00:00	0	электрическую мухобойку Xiaomi Mijia	https://exler.es/aliexpress/delimsya-nahodkami-iz-kitajskih-magazinov-234.htm	https://s.click.aliexpress.com/e/_opReHPT	unreviewed_link_not_product
958	2025-08-17 09:00:00	1	вот такой	https://exler.es/aliexpress/delimsya-nahodkami-iz-kitajskih-magazinov-234.htm	https://s.click.aliexpress.com/e/_oEXtXev	unreviewed_link_not_product
958	2025-08-17 09:00:00	2	чехлы из углеродного волокна	https://exler.es/aliexpress/delimsya-nahodkami-iz-kitajskih-magazinov-234.htm	https://s.click.aliexpress.com/e/_oku29UH	unreviewed_link_not_product
958	2025-08-17 09:00:00	3	компактная точилка для ножей	https://exler.es/aliexpress/delimsya-nahodkami-iz-kitajskih-magazinov-234.htm	https://s.click.aliexpress.com/e/_ommwsdL	unreviewed_link_not_product
958	2025-08-17 09:00:00	4	мужская сумка-мессенджер из кожи	https://exler.es/aliexpress/delimsya-nahodkami-iz-kitajskih-magazinov-234.htm	https://s.click.aliexpress.com/e/_onOD0JX	unreviewed_link_not_product
958	2025-08-17 09:00:00	5	автоматический дозатор для мыла	https://exler.es/aliexpress/delimsya-nahodkami-iz-kitajskih-magazinov-234.htm	https://s.click.aliexpress.com/e/_oFMtcNT	unreviewed_link_not_product
958	2025-08-17 09:00:00	6	Xiaomi Mijia Sonic T700	https://exler.es/aliexpress/delimsya-nahodkami-iz-kitajskih-magazinov-234.htm	https://s.click.aliexpress.com/e/_oCmFvO1	unreviewed_link_not_product
958	2025-08-17 09:00:00	7	Realme C75	https://exler.es/aliexpress/delimsya-nahodkami-iz-kitajskih-magazinov-234.htm	https://s.click.aliexpress.com/e/_oEMETeh	unreviewed_link_not_product
958	2025-08-17 09:00:00	8	FIFINE А20	https://exler.es/aliexpress/delimsya-nahodkami-iz-kitajskih-magazinov-234.htm	https://s.click.aliexpress.com/e/_ooYykuV	unreviewed_link_not_product
958	2025-08-17 09:00:00	9	Teclast T70	https://exler.es/aliexpress/delimsya-nahodkami-iz-kitajskih-magazinov-234.htm	https://s.click.aliexpress.com/e/_om2w8T7	unreviewed_link_not_product
1003	2025-08-10 09:00:00	0	UGREEN Studio Pro	https://exler.es/aliexpress/delimsya-nahodkami-iz-kitajskih-magazinov-233.htm	https://s.click.aliexpress.com/e/_oEjqEQb	unreviewed_link_not_product
1003	2025-08-10 09:00:00	0	Ugreen HiTune Max5c	https://exler.es/aliexpress/delimsya-nahodkami-iz-kitajskih-magazinov-233.htm	https://s.click.aliexpress.com/e/_oC9kML4	unreviewed_link_not_product
1003	2025-08-10 09:00:00	1	MOVESPEED Z70Pro	https://exler.es/aliexpress/delimsya-nahodkami-iz-kitajskih-magazinov-233.htm	https://s.click.aliexpress.com/e/_oEMzmWj	unreviewed_link_not_product
1003	2025-08-10 09:00:00	2	алкотестер	https://exler.es/aliexpress/delimsya-nahodkami-iz-kitajskih-magazinov-233.htm	https://s.click.aliexpress.com/e/_oErdnwn	unreviewed_link_not_product
1003	2025-08-10 09:00:00	3	Водонепроницаемые чехлы для смартфонов	https://exler.es/aliexpress/delimsya-nahodkami-iz-kitajskih-magazinov-233.htm	https://s.click.aliexpress.com/e/_o2CLAw3	unreviewed_link_not_product
1003	2025-08-10 09:00:00	4	продвинутую игрушку для котов	https://exler.es/aliexpress/delimsya-nahodkami-iz-kitajskih-magazinov-233.htm	https://s.click.aliexpress.com/e/_oBLua0r	unreviewed_link_not_product
1003	2025-08-10 09:00:00	5	Удлинители для USB-порта	https://exler.es/aliexpress/delimsya-nahodkami-iz-kitajskih-magazinov-233.htm	https://s.click.aliexpress.com/e/_onZCtPv	unreviewed_link_not_product
1003	2025-08-10 09:00:00	6	MOVESPEED MSP17	https://exler.es/aliexpress/delimsya-nahodkami-iz-kitajskih-magazinov-233.htm	https://s.click.aliexpress.com/e/_oFUihRh	unreviewed_link_not_product
1003	2025-08-10 09:00:00	7	Флешка от Xiaomi	https://exler.es/aliexpress/delimsya-nahodkami-iz-kitajskih-magazinov-233.htm	https://s.click.aliexpress.com/e/_onNnLgj	unreviewed_link_not_product
1003	2025-08-10 09:00:00	8	такие держатели	https://exler.es/aliexpress/delimsya-nahodkami-iz-kitajskih-magazinov-233.htm	https://s.click.aliexpress.com/e/_ol2DUyX	unreviewed_link_not_product
1003	2025-08-10 09:00:00	9	наборы из 10, 30 или 50	https://exler.es/aliexpress/delimsya-nahodkami-iz-kitajskih-magazinov-233.htm	https://s.click.aliexpress.com/e/_ooCmeVD	unreviewed_link_not_product
1042	2025-08-03 09:00:00	0	Baseus A5	https://exler.es/aliexpress/delimsya-nahodkami-iz-kitajskih-magazinov-232.htm	https://s.click.aliexpress.com/e/_olyXU7P	unreviewed_link_not_product
1042	2025-08-03 09:00:00	1	Poco X7	https://exler.es/aliexpress/delimsya-nahodkami-iz-kitajskih-magazinov-232.htm	https://s.click.aliexpress.com/e/_olvuxL7	unreviewed_link_not_product
1042	2025-08-03 09:00:00	2	Складная табуретка	https://exler.es/aliexpress/delimsya-nahodkami-iz-kitajskih-magazinov-232.htm	https://s.click.aliexpress.com/e/_oD4gKnr	unreviewed_link_not_product
1042	2025-08-03 09:00:00	3	Edifier X5 Pro	https://exler.es/aliexpress/delimsya-nahodkami-iz-kitajskih-magazinov-232.htm	https://s.click.aliexpress.com/e/_opzGowH	unreviewed_link_not_product
1042	2025-08-03 09:00:00	4	Продвинутый рюкзак	https://exler.es/aliexpress/delimsya-nahodkami-iz-kitajskih-magazinov-232.htm	https://s.click.aliexpress.com/e/_oExGU5R	unreviewed_link_not_product
1042	2025-08-03 09:00:00	5	мужские ремни	https://exler.es/aliexpress/delimsya-nahodkami-iz-kitajskih-magazinov-232.htm	https://s.click.aliexpress.com/e/_olNUVVx	unreviewed_link_not_product
1042	2025-08-03 09:00:00	6	двух удобных хабов	https://exler.es/aliexpress/delimsya-nahodkami-iz-kitajskih-magazinov-232.htm	https://s.click.aliexpress.com/e/_oFVlh8p	unreviewed_link_not_product
1042	2025-08-03 09:00:00	7	удобная подставка с магнитной головкой	https://exler.es/aliexpress/delimsya-nahodkami-iz-kitajskih-magazinov-232.htm	https://s.click.aliexpress.com/e/_okFfWyz	unreviewed_link_not_product
1042	2025-08-03 09:00:00	8	аккумулятор ACEFAST	https://exler.es/aliexpress/delimsya-nahodkami-iz-kitajskih-magazinov-232.htm	https://s.click.aliexpress.com/e/_oF5Mmy5	unreviewed_link_not_product
1042	2025-08-03 09:00:00	9	найти всего за €154	https://exler.es/aliexpress/delimsya-nahodkami-iz-kitajskih-magazinov-232.htm	https://s.click.aliexpress.com/e/_oBRQ1yh	unreviewed_link_not_product
1084	2025-07-27 09:00:00	0	подорожал	https://exler.es/aliexpress/delimsya-nahodkami-iz-kitajskih-magazinov-231.htm	https://s.click.aliexpress.com/e/_oD5dGZm	unreviewed_link_not_product
1084	2025-07-27 09:00:00	0	пятидюймовый и недорогой	https://exler.es/aliexpress/delimsya-nahodkami-iz-kitajskih-magazinov-231.htm	https://s.click.aliexpress.com/e/_oolcCmo	unreviewed_link_not_product
1084	2025-07-27 09:00:00	1	Tronsmart T7	https://exler.es/aliexpress/delimsya-nahodkami-iz-kitajskih-magazinov-231.htm	https://s.click.aliexpress.com/e/_onZCqau	unreviewed_link_not_product
1084	2025-07-27 09:00:00	2	очередную крутилку	https://exler.es/aliexpress/delimsya-nahodkami-iz-kitajskih-magazinov-231.htm	https://s.click.aliexpress.com/e/_on8IPuo	unreviewed_link_not_product
1084	2025-07-27 09:00:00	3	обычные электрические мельнички	https://exler.es/aliexpress/delimsya-nahodkami-iz-kitajskih-magazinov-231.htm	https://s.click.aliexpress.com/e/_ok5S3eM	unreviewed_link_not_product
1084	2025-07-27 09:00:00	4	Anker Soundcore Sport X10	https://exler.es/aliexpress/delimsya-nahodkami-iz-kitajskih-magazinov-231.htm	https://s.click.aliexpress.com/e/_oDwVVVd	unreviewed_link_not_product
1084	2025-07-27 09:00:00	5	Daicamping DL30	https://exler.es/aliexpress/delimsya-nahodkami-iz-kitajskih-magazinov-231.htm	https://s.click.aliexpress.com/e/_omQAX2X	unreviewed_link_not_product
1084	2025-07-27 09:00:00	6	Сумка для ноутбука	https://exler.es/aliexpress/delimsya-nahodkami-iz-kitajskih-magazinov-231.htm	https://s.click.aliexpress.com/e/_omWOOpD	unreviewed_link_not_product
1084	2025-07-27 09:00:00	7	MOVESPEED S05	https://exler.es/aliexpress/delimsya-nahodkami-iz-kitajskih-magazinov-231.htm	https://s.click.aliexpress.com/e/_ol80RWn	unreviewed_link_not_product
1084	2025-07-27 09:00:00	8	Reven Jate S31109	https://exler.es/aliexpress/delimsya-nahodkami-iz-kitajskih-magazinov-231.htm	https://s.click.aliexpress.com/e/_oDD9d2P	unreviewed_link_not_product
1084	2025-07-27 09:00:00	9	пятирник	https://exler.es/aliexpress/delimsya-nahodkami-iz-kitajskih-magazinov-231.htm	https://s.click.aliexpress.com/e/_omU6yXz	unreviewed_link_not_product
1126	2025-07-20 09:00:00	0	OnePlus Nord Buds 3	https://exler.es/aliexpress/delimsya-nahodkami-iz-kitajskih-magazinov-230.htm	https://s.click.aliexpress.com/e/_ooxGV9C	unreviewed_link_not_product
1126	2025-07-20 09:00:00	1	небольшой столик на колесиках	https://exler.es/aliexpress/delimsya-nahodkami-iz-kitajskih-magazinov-230.htm	https://s.click.aliexpress.com/e/_omDzcUO	unreviewed_link_not_product
1126	2025-07-20 09:00:00	2	Умные весы	https://exler.es/aliexpress/delimsya-nahodkami-iz-kitajskih-magazinov-230.htm	https://s.click.aliexpress.com/e/_oCa7Wz0	unreviewed_link_not_product
1126	2025-07-20 09:00:00	3	OnePlus Watch 3	https://exler.es/aliexpress/delimsya-nahodkami-iz-kitajskih-magazinov-230.htm	https://s.click.aliexpress.com/e/_oEWEIIK	unreviewed_link_not_product
1126	2025-07-20 09:00:00	4	хороший выбор разных моделей	https://exler.es/aliexpress/delimsya-nahodkami-iz-kitajskih-magazinov-230.htm	https://s.click.aliexpress.com/e/_oDzdB8w	unreviewed_link_not_product
1126	2025-07-20 09:00:00	5	"тройник ""6 в 1"""	https://exler.es/aliexpress/delimsya-nahodkami-iz-kitajskih-magazinov-230.htm	https://s.click.aliexpress.com/e/_oFDRvqe	unreviewed_link_not_product
1126	2025-07-20 09:00:00	6	беспроводная мышка от Ugreen	https://exler.es/aliexpress/delimsya-nahodkami-iz-kitajskih-magazinov-230.htm	https://s.click.aliexpress.com/e/_oFXcKNC	unreviewed_link_not_product
1126	2025-07-20 09:00:00	7	такой вариант у Baseus	https://exler.es/aliexpress/delimsya-nahodkami-iz-kitajskih-magazinov-230.htm	https://s.click.aliexpress.com/e/_okpaVy2	unreviewed_link_not_product
1126	2025-07-20 09:00:00	7	другой вариант	https://exler.es/aliexpress/delimsya-nahodkami-iz-kitajskih-magazinov-230.htm	https://s.click.aliexpress.com/e/_op0z9Xo	unreviewed_link_not_product
1126	2025-07-20 09:00:00	8	Redmi Pad SE	https://exler.es/aliexpress/delimsya-nahodkami-iz-kitajskih-magazinov-230.htm	https://s.click.aliexpress.com/e/_oDE7O0Q	unreviewed_link_not_product
1126	2025-07-20 09:00:00	8	вот уже версия с памятью 8/256 ГБ	https://exler.es/aliexpress/delimsya-nahodkami-iz-kitajskih-magazinov-230.htm	https://s.click.aliexpress.com/e/_opyi8B8	unreviewed_link_not_product
1126	2025-07-20 09:00:00	9	Внешний аккумулятор Baseus EnerGeek	https://exler.es/aliexpress/delimsya-nahodkami-iz-kitajskih-magazinov-230.htm	https://s.click.aliexpress.com/e/_onvDRvM	unreviewed_link_not_product
1157	2025-07-13 09:00:00	0	Удобные и стильные чехлы	https://exler.es/aliexpress/delimsya-nahodkami-iz-kitajskih-magazinov-229.htm	https://s.click.aliexpress.com/e/_oBLFGqG	unreviewed_link_not_product
1157	2025-07-13 09:00:00	1	подарочные кружки с подогревом	https://exler.es/aliexpress/delimsya-nahodkami-iz-kitajskih-magazinov-229.htm	https://s.click.aliexpress.com/e/_oCfwldI	unreviewed_link_not_product
1157	2025-07-13 09:00:00	2	Электромассажер для шеи и спины	https://exler.es/aliexpress/delimsya-nahodkami-iz-kitajskih-magazinov-229.htm	https://s.click.aliexpress.com/e/_oFnfwGs	unreviewed_link_not_product
1157	2025-07-13 09:00:00	3	Xiaomi Mijia Smart Tower Fan 2	https://exler.es/aliexpress/delimsya-nahodkami-iz-kitajskih-magazinov-229.htm	https://s.click.aliexpress.com/e/_om2qtkG	unreviewed_link_not_product
1157	2025-07-13 09:00:00	4	Baseus EP10 Pro	https://exler.es/aliexpress/delimsya-nahodkami-iz-kitajskih-magazinov-229.htm	https://s.click.aliexpress.com/e/_ooeC0PK	unreviewed_link_not_product
1157	2025-07-13 09:00:00	5	стоит аж €103	https://exler.es/aliexpress/delimsya-nahodkami-iz-kitajskih-magazinov-229.htm	https://s.click.aliexpress.com/e/_oDIx7Ek	unreviewed_link_not_product
1157	2025-07-13 09:00:00	5	стоит €67	https://exler.es/aliexpress/delimsya-nahodkami-iz-kitajskih-magazinov-229.htm	https://s.click.aliexpress.com/e/_oll3jrq	unreviewed_link_not_product
1157	2025-07-13 09:00:00	5	всего за €38	https://exler.es/aliexpress/delimsya-nahodkami-iz-kitajskih-magazinov-229.htm	https://s.click.aliexpress.com/e/_oDz9448	unreviewed_link_not_product
1157	2025-07-13 09:00:00	6	штатив-трипод Ugreen	https://exler.es/aliexpress/delimsya-nahodkami-iz-kitajskih-magazinov-229.htm	https://s.click.aliexpress.com/e/_omvLvi8	unreviewed_link_not_product
1157	2025-07-13 09:00:00	7	рукав на молнии	https://exler.es/aliexpress/delimsya-nahodkami-iz-kitajskih-magazinov-229.htm	https://s.click.aliexpress.com/e/_oC3u168	unreviewed_link_not_product
1157	2025-07-13 09:00:00	8	Универсальный кошелек из натуральной кожи	https://exler.es/aliexpress/delimsya-nahodkami-iz-kitajskih-magazinov-229.htm	https://s.click.aliexpress.com/e/_oocDebi	unreviewed_link_not_product
1157	2025-07-13 09:00:00	9	кухонный нож для мяса	https://exler.es/aliexpress/delimsya-nahodkami-iz-kitajskih-magazinov-229.htm	https://s.click.aliexpress.com/e/_omS5Q6o	unreviewed_link_not_product
1195	2025-07-06 09:00:00	0	переходнички	https://exler.es/aliexpress/delimsya-nahodkami-iz-kitajskih-magazinov-228.htm	https://s.click.aliexpress.com/e/_oBxqgSc	unreviewed_link_not_product
1195	2025-07-06 09:00:00	1	Xiaomi Mijia S100	https://exler.es/aliexpress/delimsya-nahodkami-iz-kitajskih-magazinov-228.htm	https://s.click.aliexpress.com/e/_oFdg5ba	unreviewed_link_not_product
1195	2025-07-06 09:00:00	2	саундбар Xiaomi Redmi ASB02Ai	https://exler.es/aliexpress/delimsya-nahodkami-iz-kitajskih-magazinov-228.htm	https://s.click.aliexpress.com/e/_oEOFy9i	unreviewed_link_not_product
1195	2025-07-06 09:00:00	3	GaN-адаптер Essager на 65 Вт	https://exler.es/aliexpress/delimsya-nahodkami-iz-kitajskih-magazinov-228.htm	https://s.click.aliexpress.com/e/_oDwKoXQ	unreviewed_link_not_product
1195	2025-07-06 09:00:00	4	подставка для планшета	https://exler.es/aliexpress/delimsya-nahodkami-iz-kitajskih-magazinov-228.htm	https://s.click.aliexpress.com/e/_oljWzvI	unreviewed_link_not_product
1195	2025-07-06 09:00:00	5	Xiaomi Smart Band 9 Active	https://exler.es/aliexpress/delimsya-nahodkami-iz-kitajskih-magazinov-228.htm	https://s.click.aliexpress.com/e/_okkhwJW	unreviewed_link_not_product
1195	2025-07-06 09:00:00	6	Baseus Bowie H1s	https://exler.es/aliexpress/delimsya-nahodkami-iz-kitajskih-magazinov-228.htm	https://s.click.aliexpress.com/e/_opm1F6M	unreviewed_link_not_product
1195	2025-07-06 09:00:00	7	тестер для различных типов батареек	https://exler.es/aliexpress/delimsya-nahodkami-iz-kitajskih-magazinov-228.htm	https://s.click.aliexpress.com/e/_oFnx7y0	unreviewed_link_not_product
1195	2025-07-06 09:00:00	7	вот такой	https://exler.es/aliexpress/delimsya-nahodkami-iz-kitajskih-magazinov-228.htm	https://s.click.aliexpress.com/e/_omPUUVW	unreviewed_link_not_product
1195	2025-07-06 09:00:00	7	вот, например	https://exler.es/aliexpress/delimsya-nahodkami-iz-kitajskih-magazinov-228.htm	https://s.click.aliexpress.com/e/_op8EmZq	unreviewed_link_not_product
1237	2025-06-29 09:00:00	0	универсальные светильнички	https://exler.es/aliexpress/delimsya-nahodkami-iz-kitajskih-magazinov-227.htm	https://s.click.aliexpress.com/e/_opiMK3M	unreviewed_link_not_product
1237	2025-06-29 09:00:00	1	вентилятор-увлажнитель Xiaomi Mijia	https://exler.es/aliexpress/delimsya-nahodkami-iz-kitajskih-magazinov-227.htm	https://s.click.aliexpress.com/e/_onjfftM	unreviewed_link_not_product
1237	2025-06-29 09:00:00	2	вот такой настольно-переносной вентилятор	https://exler.es/aliexpress/delimsya-nahodkami-iz-kitajskih-magazinov-227.htm	https://s.click.aliexpress.com/e/_oCr0FjG	unreviewed_link_not_product
1237	2025-06-29 09:00:00	3	Xiaomi Mijia T200	https://exler.es/aliexpress/delimsya-nahodkami-iz-kitajskih-magazinov-227.htm	https://s.click.aliexpress.com/e/_onk3Vcw	unreviewed_link_not_product
1237	2025-06-29 09:00:00	4	Электрическая мухобойка	https://exler.es/aliexpress/delimsya-nahodkami-iz-kitajskih-magazinov-227.htm	https://s.click.aliexpress.com/e/_ooJTyI2	unreviewed_link_not_product
1237	2025-06-29 09:00:00	5	Baseus	https://exler.es/aliexpress/delimsya-nahodkami-iz-kitajskih-magazinov-227.htm	https://s.click.aliexpress.com/e/_olsUhGE	unreviewed_link_not_product
1237	2025-06-29 09:00:00	6	Многоразовые нейлоновые стяжки	https://exler.es/aliexpress/delimsya-nahodkami-iz-kitajskih-magazinov-227.htm	https://s.click.aliexpress.com/e/_on1yBSm	unreviewed_link_not_product
1237	2025-06-29 09:00:00	7	вот такие нескольких цветов	https://exler.es/aliexpress/delimsya-nahodkami-iz-kitajskih-magazinov-227.htm	https://s.click.aliexpress.com/e/_oDH7III	unreviewed_link_not_product
1237	2025-06-29 09:00:00	8	аккумулятор MOVESPEED	https://exler.es/aliexpress/delimsya-nahodkami-iz-kitajskih-magazinov-227.htm	https://s.click.aliexpress.com/e/_oDsgFMQ	unreviewed_link_not_product
1237	2025-06-29 09:00:00	9	Портативный сейф ORIA	https://exler.es/aliexpress/delimsya-nahodkami-iz-kitajskih-magazinov-227.htm	https://s.click.aliexpress.com/e/_oBwWLz0	unreviewed_link_not_product
1311	2025-06-15 09:00:00	1	GaN-адаптер AOHI Youth	https://exler.es/aliexpress/delimsya-nahodkami-iz-kitajskih-magazinov-226.htm	https://s.click.aliexpress.com/e/_oFlDS18	unreviewed_link_not_product
1311	2025-06-15 09:00:00	1	их адаптер на 67 Вт	https://exler.es/aliexpress/delimsya-nahodkami-iz-kitajskih-magazinov-226.htm	https://s.click.aliexpress.com/e/_oB7hXoe	unreviewed_link_not_product
1311	2025-06-15 09:00:00	2	ирригатор	https://exler.es/aliexpress/delimsya-nahodkami-iz-kitajskih-magazinov-226.htm	https://s.click.aliexpress.com/e/_oosFokK	unreviewed_link_not_product
1311	2025-06-15 09:00:00	3	Специальный резак	https://exler.es/aliexpress/delimsya-nahodkami-iz-kitajskih-magazinov-226.htm	https://s.click.aliexpress.com/e/_omCc1km	unreviewed_link_not_product
1311	2025-06-15 09:00:00	4	70mai Pro Plus A500S	https://exler.es/aliexpress/delimsya-nahodkami-iz-kitajskih-magazinov-226.htm	https://s.click.aliexpress.com/e/_oBy5c0K	unreviewed_link_not_product
1311	2025-06-15 09:00:00	5	автомобильный зарядный адаптер Baseus	https://exler.es/aliexpress/delimsya-nahodkami-iz-kitajskih-magazinov-226.htm	https://s.click.aliexpress.com/e/_oBY7MGS	unreviewed_link_not_product
1311	2025-06-15 09:00:00	6	мини-вентилятор	https://exler.es/aliexpress/delimsya-nahodkami-iz-kitajskih-magazinov-226.htm	https://s.click.aliexpress.com/e/_okrUVsq	unreviewed_link_not_product
1311	2025-06-15 09:00:00	7	Массажные тапки	https://exler.es/aliexpress/delimsya-nahodkami-iz-kitajskih-magazinov-226.htm	https://s.click.aliexpress.com/e/_oBhXID8	unreviewed_link_not_product
1311	2025-06-15 09:00:00	8	вот эти затычки 3M	https://exler.es/aliexpress/delimsya-nahodkami-iz-kitajskih-magazinov-226.htm	https://s.click.aliexpress.com/e/_ooDydgA	unreviewed_link_not_product
1311	2025-06-15 09:00:00	9	Миниатюрные флешки	https://exler.es/aliexpress/delimsya-nahodkami-iz-kitajskih-magazinov-226.htm	https://s.click.aliexpress.com/e/_oD7jClU	unreviewed_link_not_product
1311	2025-06-15 09:00:00	10	"концентратор ""10 в 1"""	https://exler.es/aliexpress/delimsya-nahodkami-iz-kitajskih-magazinov-226.htm	https://s.click.aliexpress.com/e/_ol9ZEXo	unreviewed_link_not_product
1357	2025-06-08 09:00:00	0	"тройник ""6 в 1"""	https://exler.es/aliexpress/delimsya-nahodkami-iz-kitajskih-magazinov-225.htm	https://s.click.aliexpress.com/e/_oEYaCGu	unreviewed_link_not_product
1357	2025-06-08 09:00:00	1	беспроводная колонка Xiaomi на 30 Вт	https://exler.es/aliexpress/delimsya-nahodkami-iz-kitajskih-magazinov-225.htm	https://s.click.aliexpress.com/e/_ooVHd1I	unreviewed_link_not_product
1357	2025-06-08 09:00:00	2	TWS-наушники Ugreen	https://exler.es/aliexpress/delimsya-nahodkami-iz-kitajskih-magazinov-225.htm	https://s.click.aliexpress.com/e/_olwX3Je	unreviewed_link_not_product
1357	2025-06-08 09:00:00	3	вот эта	https://exler.es/aliexpress/delimsya-nahodkami-iz-kitajskih-magazinov-225.htm	https://s.click.aliexpress.com/e/_oBtlaqC	unreviewed_link_not_product
1357	2025-06-08 09:00:00	4	забавных наклеек с котиками и собачками	https://exler.es/aliexpress/delimsya-nahodkami-iz-kitajskih-magazinov-225.htm	https://s.click.aliexpress.com/e/_olxrR3m	unreviewed_link_not_product
1357	2025-06-08 09:00:00	5	внешний аккумулятор Xiaomi	https://exler.es/aliexpress/delimsya-nahodkami-iz-kitajskih-magazinov-225.htm	https://s.click.aliexpress.com/e/_ooRDHWM	unreviewed_link_not_product
1357	2025-06-08 09:00:00	6	кожаная сумка через плечо с ручкой для переноски	https://exler.es/aliexpress/delimsya-nahodkami-iz-kitajskih-magazinov-225.htm	https://s.click.aliexpress.com/e/_onX4xwk	unreviewed_link_not_product
1357	2025-06-08 09:00:00	7	домашние слипперы	https://exler.es/aliexpress/delimsya-nahodkami-iz-kitajskih-magazinov-225.htm	https://s.click.aliexpress.com/e/_oor8cx6	unreviewed_link_not_product
1357	2025-06-08 09:00:00	8	недорогую модель	https://exler.es/aliexpress/delimsya-nahodkami-iz-kitajskih-magazinov-225.htm	https://s.click.aliexpress.com/e/_oFOqGT6	unreviewed_link_not_product
1357	2025-06-08 09:00:00	9	железной крутилки	https://exler.es/aliexpress/delimsya-nahodkami-iz-kitajskih-magazinov-225.htm	https://s.click.aliexpress.com/e/_oohhoTK	unreviewed_link_not_product
1399	2025-06-01 11:41:00	1	UGREEN T6s	https://exler.es/aliexpress/delimsya-nahodkami-iz-kitajskih-magazinov-224.htm	https://s.click.aliexpress.com/e/_opaTzPA	unreviewed_link_not_product
1399	2025-06-01 11:41:00	2	Противокомариная ультрафиолетовая лампа	https://exler.es/aliexpress/delimsya-nahodkami-iz-kitajskih-magazinov-224.htm	https://s.click.aliexpress.com/e/_omWKbcs	unreviewed_link_not_product
1399	2025-06-01 11:41:00	3	подставка для планшета	https://exler.es/aliexpress/delimsya-nahodkami-iz-kitajskih-magazinov-224.htm	https://s.click.aliexpress.com/e/_oknGtt2	unreviewed_link_not_product
1399	2025-06-01 11:41:00	4	Baseus PD 145 Вт	https://exler.es/aliexpress/delimsya-nahodkami-iz-kitajskih-magazinov-224.htm	https://s.click.aliexpress.com/e/_oFzdrou	unreviewed_link_not_product
1399	2025-06-01 11:41:00	5	SMAEL 8105	https://exler.es/aliexpress/delimsya-nahodkami-iz-kitajskih-magazinov-224.htm	https://s.click.aliexpress.com/e/_okrzMIg	unreviewed_link_not_product
1399	2025-06-01 11:41:00	6	сенсор открывания двери	https://exler.es/aliexpress/delimsya-nahodkami-iz-kitajskih-magazinov-224.htm	https://s.click.aliexpress.com/e/_oB8hyra	unreviewed_link_not_product
1399	2025-06-01 11:41:00	7	GPS-трекер Xiaomi	https://exler.es/aliexpress/delimsya-nahodkami-iz-kitajskih-magazinov-224.htm	https://s.click.aliexpress.com/e/_oksvtAG	unreviewed_link_not_product
1399	2025-06-01 11:41:00	8	Набор для вина	https://exler.es/aliexpress/delimsya-nahodkami-iz-kitajskih-magazinov-224.htm	https://s.click.aliexpress.com/e/_oof7nmk	unreviewed_link_not_product
1399	2025-06-01 11:41:00	9	держатели для наушников	https://exler.es/aliexpress/delimsya-nahodkami-iz-kitajskih-magazinov-224.htm	https://s.click.aliexpress.com/e/_oDSKStQ	unreviewed_link_not_product
1399	2025-06-01 11:41:00	10	Многофункциональная подставка	https://exler.es/aliexpress/delimsya-nahodkami-iz-kitajskih-magazinov-224.htm	https://s.click.aliexpress.com/e/_oogEYG8	unreviewed_link_not_product
1436	2025-05-25 11:14:00	0	выбор чехлов для ноутбука из экокожи	https://exler.es/aliexpress/delimsya-nahodkami-iz-kitajskih-magazinov-223.htm	https://s.click.aliexpress.com/e/_opsYE2I	unreviewed_link_not_product
1436	2025-05-25 11:14:00	1	царь-аккумулятор QOOVI аж на 60000 мАч	https://exler.es/aliexpress/delimsya-nahodkami-iz-kitajskih-magazinov-223.htm	https://s.click.aliexpress.com/e/_oCL3III	unreviewed_link_not_product
1436	2025-05-25 11:14:00	1	QOOVI 20000mAh PD 45W	https://exler.es/aliexpress/delimsya-nahodkami-iz-kitajskih-magazinov-223.htm	https://s.click.aliexpress.com/e/_oo9HrMk	unreviewed_link_not_product
1436	2025-05-25 11:14:00	2	льняные рубашки различных цветов	https://exler.es/aliexpress/delimsya-nahodkami-iz-kitajskih-magazinov-223.htm	https://s.click.aliexpress.com/e/_oDcAIro	unreviewed_link_not_product
1436	2025-05-25 11:14:00	2	легкие хлопково-льняные штаны	https://exler.es/aliexpress/delimsya-nahodkami-iz-kitajskih-magazinov-223.htm	https://s.click.aliexpress.com/e/_olsUCuK	unreviewed_link_not_product
1436	2025-05-25 11:14:00	3	Xiaomi Body Fat Scale S400	https://exler.es/aliexpress/delimsya-nahodkami-iz-kitajskih-magazinov-223.htm	https://s.click.aliexpress.com/e/_omTFEru	unreviewed_link_not_product
1436	2025-05-25 11:14:00	4	Ugreen HiTune Max5c	https://exler.es/aliexpress/delimsya-nahodkami-iz-kitajskih-magazinov-223.htm	https://s.click.aliexpress.com/e/_oC9kML4	unreviewed_link_not_product
1436	2025-05-25 11:14:00	5	двойная беспроводная зарядка Baseus	https://exler.es/aliexpress/delimsya-nahodkami-iz-kitajskih-magazinov-223.htm	https://s.click.aliexpress.com/e/_olIPUsW	unreviewed_link_not_product
1436	2025-05-25 11:14:00	6	зонтик для ветрового стекла автомобиля	https://exler.es/aliexpress/delimsya-nahodkami-iz-kitajskih-magazinov-223.htm	https://s.click.aliexpress.com/e/_ooWqcWE	unreviewed_link_not_product
1436	2025-05-25 11:14:00	6	прикольные варианты	https://exler.es/aliexpress/delimsya-nahodkami-iz-kitajskih-magazinov-223.htm	https://s.click.aliexpress.com/e/_oBYe5h8	unreviewed_link_not_product
1436	2025-05-25 11:14:00	7	держатели на козырек	https://exler.es/aliexpress/delimsya-nahodkami-iz-kitajskih-magazinov-223.htm	https://s.click.aliexpress.com/e/_opCUZMw	unreviewed_link_not_product
1472	2025-05-18 10:45:00	0	вот такой	https://exler.es/aliexpress/delimsya-nahodkami-iz-kitajskih-magazinov-222.htm	https://s.click.aliexpress.com/e/_omoV9qr	unreviewed_link_not_product
1472	2025-05-18 10:45:00	1	браслет	https://exler.es/aliexpress/delimsya-nahodkami-iz-kitajskih-magazinov-222.htm	https://s.click.aliexpress.com/e/_onFdCPV	unreviewed_link_not_product
1472	2025-05-18 10:45:00	2	"Кабель для зарядки ""3 в 1"" от Baseus"	https://exler.es/aliexpress/delimsya-nahodkami-iz-kitajskih-magazinov-222.htm	https://s.click.aliexpress.com/e/_omHDzKr	unreviewed_link_not_product
1472	2025-05-18 10:45:00	3	Xiaomi Smartband 9	https://exler.es/aliexpress/delimsya-nahodkami-iz-kitajskih-magazinov-222.htm	https://s.click.aliexpress.com/e/_onQ3FFp	unreviewed_link_not_product
1472	2025-05-18 10:45:00	4	POCO M7 Pro	https://exler.es/aliexpress/delimsya-nahodkami-iz-kitajskih-magazinov-222.htm	https://s.click.aliexpress.com/e/_onU9Uzt	unreviewed_link_not_product
1472	2025-05-18 10:45:00	5	Устройство для чистки креветок	https://exler.es/aliexpress/delimsya-nahodkami-iz-kitajskih-magazinov-222.htm	https://s.click.aliexpress.com/e/_oljpFxv	unreviewed_link_not_product
1472	2025-05-18 10:45:00	6	нагрудная мужская сумка Tigernu	https://exler.es/aliexpress/delimsya-nahodkami-iz-kitajskih-magazinov-222.htm	https://s.click.aliexpress.com/e/_okRgRXZ	unreviewed_link_not_product
1472	2025-05-18 10:45:00	7	Baseus AeQur VO20	https://exler.es/aliexpress/delimsya-nahodkami-iz-kitajskih-magazinov-222.htm	https://s.click.aliexpress.com/e/_omt2B6R	unreviewed_link_not_product
1517	2025-05-11 11:00:00	0	MOVESPEED 20000 мАч PD 65W	https://exler.es/aliexpress/delimsya-nahodkami-iz-kitajskih-magazinov-221.htm	https://s.click.aliexpress.com/e/_opEgCsN	unreviewed_link_not_product
1517	2025-05-11 11:00:00	1	проводной адаптер	https://exler.es/aliexpress/delimsya-nahodkami-iz-kitajskih-magazinov-221.htm	https://s.click.aliexpress.com/e/_o2dgVW7	unreviewed_link_not_product
1517	2025-05-11 11:00:00	2	беспроводная колонка Xiaomi	https://exler.es/aliexpress/delimsya-nahodkami-iz-kitajskih-magazinov-221.htm	https://s.click.aliexpress.com/e/_om85VrH	unreviewed_link_not_product
1517	2025-05-11 11:00:00	3	усилителя WiFi-сигнала от Xiaomi	https://exler.es/aliexpress/delimsya-nahodkami-iz-kitajskih-magazinov-221.htm	https://s.click.aliexpress.com/e/_oD7hMIX	unreviewed_link_not_product
1517	2025-05-11 11:00:00	4	Soundcore by Anker Life Q30	https://exler.es/aliexpress/delimsya-nahodkami-iz-kitajskih-magazinov-221.htm	https://s.click.aliexpress.com/e/_oCrz8Y3	unreviewed_link_not_product
1517	2025-05-11 11:00:00	5	настенный держатель для смартфона на липучке	https://exler.es/aliexpress/delimsya-nahodkami-iz-kitajskih-magazinov-221.htm	https://s.click.aliexpress.com/e/_oCc1Lqj	unreviewed_link_not_product
1517	2025-05-11 11:00:00	6	сверхкомпактный кардридер	https://exler.es/aliexpress/delimsya-nahodkami-iz-kitajskih-magazinov-221.htm	https://s.click.aliexpress.com/e/_oBx6sVH	unreviewed_link_not_product
1517	2025-05-11 11:00:00	7	Автоматические складные зонты Xiaomi	https://exler.es/aliexpress/delimsya-nahodkami-iz-kitajskih-magazinov-221.htm	https://s.click.aliexpress.com/e/_op3dZcB	unreviewed_link_not_product
1517	2025-05-11 11:00:00	8	AZDOME GS63H	https://exler.es/aliexpress/delimsya-nahodkami-iz-kitajskih-magazinov-221.htm	https://s.click.aliexpress.com/e/_okQeg8b	unreviewed_link_not_product
1555	2025-05-04 10:17:00	0	QOOVI 20000mAh PD 45W	https://exler.es/aliexpress/delimsya-nahodkami-iz-kitajskih-magazinov-220.htm	https://s.click.aliexpress.com/e/_oo9HrMk	unreviewed_link_not_product
1555	2025-05-04 10:17:00	0	MOVESPEED 20000 мАч PD 65W	https://exler.es/aliexpress/delimsya-nahodkami-iz-kitajskih-magazinov-220.htm	https://s.click.aliexpress.com/e/_opEgCsN	unreviewed_link_not_product
1555	2025-05-04 10:17:00	1	мужские рубашки	https://exler.es/aliexpress/delimsya-nahodkami-iz-kitajskih-magazinov-220.htm	https://s.click.aliexpress.com/e/_oDrnb9x	unreviewed_link_not_product
1555	2025-05-04 10:17:00	1	сайт их фирменного магазина	https://exler.es/aliexpress/delimsya-nahodkami-iz-kitajskih-magazinov-220.htm	https://s.click.aliexpress.com/e/_ooJAXxR	unreviewed_link_not_product
1555	2025-05-04 10:17:00	2	UGREEN Studio Pro	https://exler.es/aliexpress/delimsya-nahodkami-iz-kitajskih-magazinov-220.htm	https://s.click.aliexpress.com/e/_oBQ2Mdn	unreviewed_link_not_product
1555	2025-05-04 10:17:00	3	внешний аккумулятор KUULAA на 10000 мАч	https://exler.es/aliexpress/delimsya-nahodkami-iz-kitajskih-magazinov-220.htm	https://s.click.aliexpress.com/e/_olpPnaV	unreviewed_link_not_product
1555	2025-05-04 10:17:00	4	шестипортовый зарядник	https://exler.es/aliexpress/delimsya-nahodkami-iz-kitajskih-magazinov-220.htm	https://s.click.aliexpress.com/e/_oDJuoLb	unreviewed_link_not_product
1555	2025-05-04 10:17:00	5	рюкзак OIWAS	https://exler.es/aliexpress/delimsya-nahodkami-iz-kitajskih-magazinov-220.htm	https://s.click.aliexpress.com/e/_ooiaqav	unreviewed_link_not_product
1555	2025-05-04 10:17:00	6	Bluetooth-колонка Baseus AeQur 30	https://exler.es/aliexpress/delimsya-nahodkami-iz-kitajskih-magazinov-220.htm	https://s.click.aliexpress.com/e/_oESpxqV	unreviewed_link_not_product
1555	2025-05-04 10:17:00	7	Heinast XHP70	https://exler.es/aliexpress/delimsya-nahodkami-iz-kitajskih-magazinov-220.htm	https://s.click.aliexpress.com/e/_oEJgWOZ	unreviewed_link_not_product
1555	2025-05-04 10:17:00	7	Xiaomi Mijia LED Flashlight	https://exler.es/aliexpress/delimsya-nahodkami-iz-kitajskih-magazinov-220.htm	https://s.click.aliexpress.com/e/_oorCezB	unreviewed_link_not_product
1555	2025-05-04 10:17:00	8	вот эта майка	https://exler.es/aliexpress/delimsya-nahodkami-iz-kitajskih-magazinov-220.htm	https://www.aliexpress.com/item/1005008086042970.html	unreviewed_link_not_product
1593	2025-04-27 09:00:00	0	вентилятор	https://exler.es/aliexpress/delimsya-nahodkami-iz-kitajskih-magazinov-219.htm	https://s.click.aliexpress.com/e/_ok8TRZJ	unreviewed_link_not_product
1593	2025-04-27 09:00:00	1	Sanag Z60S	https://exler.es/aliexpress/delimsya-nahodkami-iz-kitajskih-magazinov-219.htm	https://s.click.aliexpress.com/e/_oCwIvfX	unreviewed_link_not_product
1593	2025-04-27 09:00:00	2	декантер/аэратор	https://exler.es/aliexpress/delimsya-nahodkami-iz-kitajskih-magazinov-219.htm	https://s.click.aliexpress.com/e/_oEZk2Mv	unreviewed_link_not_product
1593	2025-04-27 09:00:00	2	стоит €70	https://exler.es/aliexpress/delimsya-nahodkami-iz-kitajskih-magazinov-219.htm	https://www.amazon.es/Lacari-Home-Living-LA075-Decantador/dp/B0D3FJWKXP?__mk_es_ES=%C3%85M%C3%85%C5%BD%C3%95%C3%91&crid=GA216NCWKM0E&dib=eyJ2IjoiMSJ9.v4y5MR-NFCKsYBg7RqeXXaY0wSnCdixhL7hwT0VsBfQTauyQQSYVywsp8HxtoLRrwfGbCASWm8W68UQMBo_Zn9fSnlygwjWgJCxUxryQKYuWa47z97UZRd6HaGs0C8b9s5rFcOu4zX-YQiOoCM5chD8Dz1ajlguPqUmNVfODdu6eKaOxqR_C5rE0gm5AvURe-gzuhkNOm_eWLtGPlWI9J1Sp5H5ysl9gdP1sYIbMgUSAZSBHFXwB3h4lAQ2PjkEUwiy58L-IaoXjvwd_EYsjymRiJ7F3CnkAJEfoJQUFf7c.MaW67GH7G9j2RBfvKdqzB_VdDhnCuGdbYEeOTR7Fzo0&dib_tag=se&keywords=1500ML+Big+Decanter+Handmade+Crystal&qid=1745682221&sprefix=1500ml+big+decanter+handmade+crystal+%2Caps%2C388&sr=8-19	unreviewed_link_not_product
1593	2025-04-27 09:00:00	3	данный вариант	https://exler.es/aliexpress/delimsya-nahodkami-iz-kitajskih-magazinov-219.htm	https://s.click.aliexpress.com/e/_onSGDX7	unreviewed_link_not_product
1593	2025-04-27 09:00:00	4	"устройство ""6 в 1"""	https://exler.es/aliexpress/delimsya-nahodkami-iz-kitajskih-magazinov-219.htm	https://s.click.aliexpress.com/e/_omHkiqz	unreviewed_link_not_product
1593	2025-04-27 09:00:00	5	инвертированный бокал для вина	https://exler.es/aliexpress/delimsya-nahodkami-iz-kitajskih-magazinov-219.htm	https://s.click.aliexpress.com/e/_oElB4iH	unreviewed_link_not_product
1593	2025-04-27 09:00:00	6	настольных ламп разного типа	https://exler.es/aliexpress/delimsya-nahodkami-iz-kitajskih-magazinov-219.htm	https://s.click.aliexpress.com/e/_oEeBb9R	unreviewed_link_not_product
1593	2025-04-27 09:00:00	7	чашку для чая	https://exler.es/aliexpress/delimsya-nahodkami-iz-kitajskih-magazinov-219.htm	https://s.click.aliexpress.com/e/_oBtxhpP	unreviewed_link_not_product
1593	2025-04-27 09:00:00	8	маленькая сумка для крепления на поясе	https://exler.es/aliexpress/delimsya-nahodkami-iz-kitajskih-magazinov-219.htm	https://s.click.aliexpress.com/e/_oorldBx	unreviewed_link_not_product
1660	2025-04-13 09:00:00	0	ACEFAST	https://exler.es/aliexpress/delimsya-nahodkami-iz-kitajskih-magazinov-218.htm	https://s.click.aliexpress.com/e/_olVaie5	unreviewed_link_not_product
1660	2025-04-13 09:00:00	1	розетка с программируемым таймером для отключения	https://exler.es/aliexpress/delimsya-nahodkami-iz-kitajskih-magazinov-218.htm	https://s.click.aliexpress.com/e/_olSADDn	unreviewed_link_not_product
1660	2025-04-13 09:00:00	2	самый удобный вид органайзеров для кабелей на столе	https://exler.es/aliexpress/delimsya-nahodkami-iz-kitajskih-magazinov-218.htm	https://s.click.aliexpress.com/e/_opQbDP3	unreviewed_link_not_product
1660	2025-04-13 09:00:00	3	Универсальный зарядный адаптер для машины	https://exler.es/aliexpress/delimsya-nahodkami-iz-kitajskih-magazinov-218.htm	https://s.click.aliexpress.com/e/_oow24m9	unreviewed_link_not_product
1660	2025-04-13 09:00:00	4	пару копеечных адаптеров	https://exler.es/aliexpress/delimsya-nahodkami-iz-kitajskih-magazinov-218.htm	https://s.click.aliexpress.com/e/_oFO1wup	unreviewed_link_not_product
1660	2025-04-13 09:00:00	5	самых разнообразных ретро-постеров	https://exler.es/aliexpress/delimsya-nahodkami-iz-kitajskih-magazinov-218.htm	https://s.click.aliexpress.com/e/_oBQnF61	unreviewed_link_not_product
1660	2025-04-13 09:00:00	6	MOVESPEED S10Pro	https://exler.es/aliexpress/delimsya-nahodkami-iz-kitajskih-magazinov-218.htm	https://s.click.aliexpress.com/e/_oDuBMdJ	unreviewed_link_not_product
1660	2025-04-13 09:00:00	7	неплохой вариант дешевого вакууматора	https://exler.es/aliexpress/delimsya-nahodkami-iz-kitajskih-magazinov-218.htm	https://s.click.aliexpress.com/e/_on3phz3	unreviewed_link_not_product
1660	2025-04-13 09:00:00	7	INKBIRD Vacuum Sealer	https://exler.es/aliexpress/delimsya-nahodkami-iz-kitajskih-magazinov-218.htm	https://s.click.aliexpress.com/e/_omD5mTj	unreviewed_link_not_product
1660	2025-04-13 09:00:00	7	вот такой комплект	https://exler.es/aliexpress/delimsya-nahodkami-iz-kitajskih-magazinov-218.htm	https://s.click.aliexpress.com/e/_omgFl3R	unreviewed_link_not_product
1660	2025-04-13 09:00:00	8	быстрая универсальная флешка MOVESPEED	https://exler.es/aliexpress/delimsya-nahodkami-iz-kitajskih-magazinov-218.htm	https://s.click.aliexpress.com/e/_oEVihpT	unreviewed_link_not_product
1683	2025-04-06 09:00:00	0	Xiaomi Redmi 13	https://exler.es/aliexpress/delimsya-nahodkami-iz-kitajskih-magazinov-217.htm	https://s.click.aliexpress.com/e/_onCRION	unreviewed_link_not_product
1683	2025-04-06 09:00:00	1	простенький разветвитель	https://exler.es/aliexpress/delimsya-nahodkami-iz-kitajskih-magazinov-217.htm	https://s.click.aliexpress.com/e/_ommGwRP	unreviewed_link_not_product
1683	2025-04-06 09:00:00	2	очень компактного внешнего аккумулятора	https://exler.es/aliexpress/delimsya-nahodkami-iz-kitajskih-magazinov-217.htm	https://s.click.aliexpress.com/e/_oCGhkPf	unreviewed_link_not_product
1683	2025-04-06 09:00:00	3	держатель для смартфона в машину от Ugreen	https://exler.es/aliexpress/delimsya-nahodkami-iz-kitajskih-magazinov-217.htm	https://s.click.aliexpress.com/e/_oo7krT3	unreviewed_link_not_product
1683	2025-04-06 09:00:00	4	GaN-адаптер от Movespeed на 67 Вт	https://exler.es/aliexpress/delimsya-nahodkami-iz-kitajskih-magazinov-217.htm	https://s.click.aliexpress.com/e/_oDbDrBb	unreviewed_link_not_product
1683	2025-04-06 09:00:00	5	беспроводная колонка Baseus	https://exler.es/aliexpress/delimsya-nahodkami-iz-kitajskih-magazinov-217.htm	https://s.click.aliexpress.com/e/_oD8rdGV	unreviewed_link_not_product
1683	2025-04-06 09:00:00	6	вебкамера Ugreen	https://exler.es/aliexpress/delimsya-nahodkami-iz-kitajskih-magazinov-217.htm	https://s.click.aliexpress.com/e/_oDdGgvL	unreviewed_link_not_product
1683	2025-04-06 09:00:00	7	Amazfit GTS 2	https://exler.es/aliexpress/delimsya-nahodkami-iz-kitajskih-magazinov-217.htm	https://s.click.aliexpress.com/e/_oCYPoYh	unreviewed_link_not_product
1683	2025-04-06 09:00:00	8	вот такой переходник	https://exler.es/aliexpress/delimsya-nahodkami-iz-kitajskih-magazinov-217.htm	https://s.click.aliexpress.com/e/_oldasm5	unreviewed_link_not_product
1683	2025-04-06 09:00:00	9	3-частотный свисток MOONBIFFY	https://exler.es/aliexpress/delimsya-nahodkami-iz-kitajskih-magazinov-217.htm	https://s.click.aliexpress.com/e/_oCqYGGp	unreviewed_link_not_product
1715	2025-03-30 09:00:00	1	складной зонт	https://exler.es/aliexpress/delimsya-nahodkami-iz-kitajskih-magazinov-216.htm	https://s.click.aliexpress.com/e/_oFrRFjB	unreviewed_link_not_product
1715	2025-03-30 09:00:00	2	вот эту от Baseus	https://exler.es/aliexpress/delimsya-nahodkami-iz-kitajskih-magazinov-216.htm	https://s.click.aliexpress.com/e/_oF3uQk5	unreviewed_link_not_product
1715	2025-03-30 09:00:00	2	сверхтонкий от Movespeed	https://exler.es/aliexpress/delimsya-nahodkami-iz-kitajskih-magazinov-216.htm	https://s.click.aliexpress.com/e/_oFqqJN3	unreviewed_link_not_product
1715	2025-03-30 09:00:00	2	вот такой	https://exler.es/aliexpress/delimsya-nahodkami-iz-kitajskih-magazinov-216.htm	https://s.click.aliexpress.com/e/_oo8v15j	unreviewed_link_not_product
1715	2025-03-30 09:00:00	3	"MOSSY OAK ""21 в 1"""	https://exler.es/aliexpress/delimsya-nahodkami-iz-kitajskih-magazinov-216.htm	https://s.click.aliexpress.com/e/_oFpEpCD	unreviewed_link_not_product
1715	2025-03-30 09:00:00	4	Baseus A5	https://exler.es/aliexpress/delimsya-nahodkami-iz-kitajskih-magazinov-216.htm	https://s.click.aliexpress.com/e/_onN2CpR	unreviewed_link_not_product
1715	2025-03-30 09:00:00	5	стальные бокалы для алкогольных напитков	https://exler.es/aliexpress/delimsya-nahodkami-iz-kitajskih-magazinov-216.htm	https://s.click.aliexpress.com/e/_oFw6Q4l	unreviewed_link_not_product
1715	2025-03-30 09:00:00	6	электрическая соковыжималка MIUI	https://exler.es/aliexpress/delimsya-nahodkami-iz-kitajskih-magazinov-216.htm	https://s.click.aliexpress.com/e/_oE3UA6v	unreviewed_link_not_product
1715	2025-03-30 09:00:00	7	"""прямотык"""	https://exler.es/aliexpress/delimsya-nahodkami-iz-kitajskih-magazinov-216.htm	https://s.click.aliexpress.com/e/_onbaybL	unreviewed_link_not_product
1715	2025-03-30 09:00:00	8	Xiaomi Mijia S302	https://exler.es/aliexpress/delimsya-nahodkami-iz-kitajskih-magazinov-216.htm	https://s.click.aliexpress.com/e/_oFWUT7R	unreviewed_link_not_product
1715	2025-03-30 09:00:00	8	Xiaomi Mijia S700	https://exler.es/aliexpress/delimsya-nahodkami-iz-kitajskih-magazinov-216.htm	https://s.click.aliexpress.com/e/_DC8j60x	unreviewed_link_not_product
1747	2025-03-23 09:00:00	1	продвинутое зарядное устройство от Baseus	https://exler.es/aliexpress/delimsya-nahodkami-iz-kitajskih-magazinov-215.htm	https://s.click.aliexpress.com/e/_oDqWeD5	unreviewed_link_not_product
1747	2025-03-23 09:00:00	2	XIAOMI MIJIA Robot Vacuum Cleaners Mop 3C Plus Enhanced Edition Pro	https://exler.es/aliexpress/delimsya-nahodkami-iz-kitajskih-magazinov-215.htm	https://s.click.aliexpress.com/e/_o2CoEwX	unreviewed_link_not_product
1747	2025-03-23 09:00:00	3	70mai Dash Cam M310	https://exler.es/aliexpress/delimsya-nahodkami-iz-kitajskih-magazinov-215.htm	https://s.click.aliexpress.com/e/_olZ0bdv	unreviewed_link_not_product
1747	2025-03-23 09:00:00	3	вот он на Aliexpress	https://exler.es/aliexpress/delimsya-nahodkami-iz-kitajskih-magazinov-215.htm	https://s.click.aliexpress.com/e/_oF8g7or	unreviewed_link_not_product
1747	2025-03-23 09:00:00	4	Sanag B60S Pro	https://exler.es/aliexpress/delimsya-nahodkami-iz-kitajskih-magazinov-215.htm	https://s.click.aliexpress.com/e/_oC30LOb	unreviewed_link_not_product
1747	2025-03-23 09:00:00	5	складные зонты	https://exler.es/aliexpress/delimsya-nahodkami-iz-kitajskih-magazinov-215.htm	https://s.click.aliexpress.com/e/_oFmnsfZ	unreviewed_link_not_product
1747	2025-03-23 09:00:00	6	Xiaomi Mijia Soap Dispenser 1S	https://exler.es/aliexpress/delimsya-nahodkami-iz-kitajskih-magazinov-215.htm	https://s.click.aliexpress.com/e/_oDziTiR	unreviewed_link_not_product
1747	2025-03-23 09:00:00	7	кошелек из искусственной кожи	https://exler.es/aliexpress/delimsya-nahodkami-iz-kitajskih-magazinov-215.htm	https://s.click.aliexpress.com/e/_oEXmLcT	unreviewed_link_not_product
1747	2025-03-23 09:00:00	8	Набор для ухода за ногтями Xiaomi Mijia	https://exler.es/aliexpress/delimsya-nahodkami-iz-kitajskih-magazinov-215.htm	https://s.click.aliexpress.com/e/_onmgowx	unreviewed_link_not_product
1747	2025-03-23 09:00:00	9	спиннер	https://exler.es/aliexpress/delimsya-nahodkami-iz-kitajskih-magazinov-215.htm	https://s.click.aliexpress.com/e/_omVAB0L	unreviewed_link_not_product
1747	2025-03-23 09:00:00	10	цоколь с инфракрасным датчиком движения	https://exler.es/aliexpress/delimsya-nahodkami-iz-kitajskih-magazinov-215.htm	https://s.click.aliexpress.com/e/_onrz419	unreviewed_link_not_product
1787	2025-03-16 09:58:00	1	USB-хаб с кейсом для SSD M.2	https://exler.es/aliexpress/delimsya-nahodkami-iz-kitajskih-magazinov-214.htm	https://s.click.aliexpress.com/e/_ooMntu9	unreviewed_link_not_product
1787	2025-03-16 09:58:00	2	удлинителя	https://exler.es/aliexpress/delimsya-nahodkami-iz-kitajskih-magazinov-214.htm	https://s.click.aliexpress.com/e/_oB2u7Lj	unreviewed_link_not_product
1787	2025-03-16 09:58:00	3	Xiaomi Mijia Sonic Vibration	https://exler.es/aliexpress/delimsya-nahodkami-iz-kitajskih-magazinov-214.htm	https://s.click.aliexpress.com/e/_oENu5bn	unreviewed_link_not_product
1787	2025-03-16 09:58:00	4	микрофон UGREEN	https://exler.es/aliexpress/delimsya-nahodkami-iz-kitajskih-magazinov-214.htm	https://s.click.aliexpress.com/e/_onWBZ3P	unreviewed_link_not_product
1787	2025-03-16 09:58:00	5	пылесос он же воздуходуйка Baseus	https://exler.es/aliexpress/delimsya-nahodkami-iz-kitajskih-magazinov-214.htm	http://s.click.aliexpress.com/e/_oon6KcV	unreviewed_link_not_product
1787	2025-03-16 09:58:00	6	органайзеров для автомобиля	https://exler.es/aliexpress/delimsya-nahodkami-iz-kitajskih-magazinov-214.htm	https://s.click.aliexpress.com/e/_om9PPcD	unreviewed_link_not_product
1787	2025-03-16 09:58:00	7	маленького брелока	https://exler.es/aliexpress/delimsya-nahodkami-iz-kitajskih-magazinov-214.htm	https://s.click.aliexpress.com/e/_oEbI5Bx	unreviewed_link_not_product
1787	2025-03-16 09:58:00	8	аккумуляторные батарейки	https://exler.es/aliexpress/delimsya-nahodkami-iz-kitajskih-magazinov-214.htm	https://s.click.aliexpress.com/e/_op85hWN	unreviewed_link_not_product
1787	2025-03-16 09:58:00	9	внешний аккумулятор на 10000 мАч	https://exler.es/aliexpress/delimsya-nahodkami-iz-kitajskih-magazinov-214.htm	https://s.click.aliexpress.com/e/_olVioIv	unreviewed_link_not_product
1787	2025-03-16 09:58:00	10	Tigernu T-L5200	https://exler.es/aliexpress/delimsya-nahodkami-iz-kitajskih-magazinov-214.htm	https://s.click.aliexpress.com/e/_okrf5Fr	unreviewed_link_not_product
1816	2025-03-09 11:27:00	0	вот такие дисплеи	https://exler.es/aliexpress/delimsya-nahodkami-iz-kitajskih-magazinov-213.htm	https://s.click.aliexpress.com/e/_omGgoaS	unreviewed_link_not_product
1816	2025-03-09 11:27:00	1	адаптер Bluetooth 5.4	https://exler.es/aliexpress/delimsya-nahodkami-iz-kitajskih-magazinov-213.htm	https://s.click.aliexpress.com/e/_oCxGvOq	unreviewed_link_not_product
1816	2025-03-09 11:27:00	2	вакууматор	https://exler.es/aliexpress/delimsya-nahodkami-iz-kitajskih-magazinov-213.htm	https://s.click.aliexpress.com/e/_opsLb3R	unreviewed_link_not_product
1816	2025-03-09 11:27:00	2	докупить пакетов	https://exler.es/aliexpress/delimsya-nahodkami-iz-kitajskih-magazinov-213.htm	https://s.click.aliexpress.com/e/_okudczM	unreviewed_link_not_product
1816	2025-03-09 11:27:00	3	Светильники с датчиком движения Xiaomi Mijia	https://exler.es/aliexpress/delimsya-nahodkami-iz-kitajskih-magazinov-213.htm	https://s.click.aliexpress.com/e/_oFsndUW	unreviewed_link_not_product
1816	2025-03-09 11:27:00	4	рюкзак Tigernu T-B3143	https://exler.es/aliexpress/delimsya-nahodkami-iz-kitajskih-magazinov-213.htm	https://s.click.aliexpress.com/e/_ooQelYQ	unreviewed_link_not_product
1816	2025-03-09 11:27:00	5	Универсальный кабель для зарядки	https://exler.es/aliexpress/delimsya-nahodkami-iz-kitajskih-magazinov-213.htm	https://s.click.aliexpress.com/e/_okzz8gK	unreviewed_link_not_product
1816	2025-03-09 11:27:00	6	Essager на 5000 мАч	https://exler.es/aliexpress/delimsya-nahodkami-iz-kitajskih-magazinov-213.htm	https://s.click.aliexpress.com/e/_ol9iwdM	unreviewed_link_not_product
1816	2025-03-09 11:27:00	7	Компактный кошелек	https://exler.es/aliexpress/delimsya-nahodkami-iz-kitajskih-magazinov-213.htm	https://s.click.aliexpress.com/e/_oCt6Nuv	unreviewed_link_not_product
1816	2025-03-09 11:27:00	8	Простенький инструмент	https://exler.es/aliexpress/delimsya-nahodkami-iz-kitajskih-magazinov-213.htm	https://s.click.aliexpress.com/e/_okU9ZWV	unreviewed_link_not_product
1816	2025-03-09 11:27:00	9	зарядный адаптер для машины	https://exler.es/aliexpress/delimsya-nahodkami-iz-kitajskih-magazinov-213.htm	https://s.click.aliexpress.com/e/_oBZlxTB	unreviewed_link_not_product
1816	2025-03-09 11:27:00	9	вариант	https://exler.es/aliexpress/delimsya-nahodkami-iz-kitajskih-magazinov-213.htm	https://s.click.aliexpress.com/e/_onnjcbL	unreviewed_link_not_product
1854	2025-03-02 09:00:00	1	аж €160	https://exler.es/aliexpress/delimsya-nahodkami-iz-kitajskih-magazinov-212.htm	https://s.click.aliexpress.com/e/_oFVicHy	unreviewed_link_not_product
1854	2025-03-02 09:00:00	1	стоит €54	https://exler.es/aliexpress/delimsya-nahodkami-iz-kitajskih-magazinov-212.htm	https://s.click.aliexpress.com/e/_onomZNu	unreviewed_link_not_product
1854	2025-03-02 09:00:00	2	хлопково-льняные рубашки	https://exler.es/aliexpress/delimsya-nahodkami-iz-kitajskih-magazinov-212.htm	https://s.click.aliexpress.com/e/_opel5wQ	unreviewed_link_not_product
1854	2025-03-02 09:00:00	3	пятерник, включающийся в розетку	https://exler.es/aliexpress/delimsya-nahodkami-iz-kitajskih-magazinov-212.htm	https://s.click.aliexpress.com/e/_ooOSavY	unreviewed_link_not_product
1854	2025-03-02 09:00:00	4	флеш-накопитель для порта Type-C	https://exler.es/aliexpress/delimsya-nahodkami-iz-kitajskih-magazinov-212.htm	https://s.click.aliexpress.com/e/_ooMZq2I	unreviewed_link_not_product
1854	2025-03-02 09:00:00	5	пароочиститель	https://exler.es/aliexpress/delimsya-nahodkami-iz-kitajskih-magazinov-212.htm	https://s.click.aliexpress.com/e/_omRRtbY	unreviewed_link_not_product
1854	2025-03-02 09:00:00	6	полноформатные беспроводные наушники Xiaomi веселых расцветок	https://exler.es/aliexpress/delimsya-nahodkami-iz-kitajskih-magazinov-212.htm	https://s.click.aliexpress.com/e/_oD1f0NC	unreviewed_link_not_product
1854	2025-03-02 09:00:00	6	беспроводные полноформаты с шумодавом	https://exler.es/aliexpress/delimsya-nahodkami-iz-kitajskih-magazinov-212.htm	https://s.click.aliexpress.com/e/_okgwKLG	unreviewed_link_not_product
1854	2025-03-02 09:00:00	7	Мощная воздуходувка	https://exler.es/aliexpress/delimsya-nahodkami-iz-kitajskih-magazinov-212.htm	https://s.click.aliexpress.com/e/_oo2cpzc	unreviewed_link_not_product
1854	2025-03-02 09:00:00	8	штука для запекания курицы в духовке	https://exler.es/aliexpress/delimsya-nahodkami-iz-kitajskih-magazinov-212.htm	https://s.click.aliexpress.com/e/_ol4rkxY	unreviewed_link_not_product
1854	2025-03-02 09:00:00	9	кардридер от Ugreen	https://exler.es/aliexpress/delimsya-nahodkami-iz-kitajskih-magazinov-212.htm	https://s.click.aliexpress.com/e/_oFeZihG	unreviewed_link_not_product
1894	2025-02-23 09:47:00	0	перезаряжаемые литий-ионные аккумуляторы AAA на 750 мВч	https://exler.es/aliexpress/delimsya-nahodkami-iz-kitajskih-magazinov-211.htm	https://s.click.aliexpress.com/e/_oBTW3kg	unreviewed_link_not_product
1894	2025-02-23 09:47:00	0	неплохой вариант с емкостью 3400 мВч	https://exler.es/aliexpress/delimsya-nahodkami-iz-kitajskih-magazinov-211.htm	https://s.click.aliexpress.com/e/_o2deUlQ	unreviewed_link_not_product
1894	2025-02-23 09:47:00	1	QOOVI 20000mAh PD 45W	https://exler.es/aliexpress/delimsya-nahodkami-iz-kitajskih-magazinov-211.htm	https://s.click.aliexpress.com/e/_oo9HrMk	unreviewed_link_not_product
1894	2025-02-23 09:47:00	2	декантер для вина на 1,5 л	https://exler.es/aliexpress/delimsya-nahodkami-iz-kitajskih-magazinov-211.htm	https://s.click.aliexpress.com/e/_oDA1Mv6	unreviewed_link_not_product
1894	2025-02-23 09:47:00	3	автомобильный адаптер Essager	https://exler.es/aliexpress/delimsya-nahodkami-iz-kitajskih-magazinov-211.htm	https://s.click.aliexpress.com/e/_oB2dDQs	unreviewed_link_not_product
1894	2025-02-23 09:47:00	4	"мультитул ""14 в 1"""	https://exler.es/aliexpress/delimsya-nahodkami-iz-kitajskih-magazinov-211.htm	https://s.click.aliexpress.com/e/_oCrZLrO	unreviewed_link_not_product
1894	2025-02-23 09:47:00	5	подметальная машинка	https://exler.es/aliexpress/delimsya-nahodkami-iz-kitajskih-magazinov-211.htm	https://s.click.aliexpress.com/e/_oFaqAT6	unreviewed_link_not_product
1894	2025-02-23 09:47:00	6	внешние SSD Movespeed	https://exler.es/aliexpress/delimsya-nahodkami-iz-kitajskih-magazinov-211.htm	https://s.click.aliexpress.com/e/_oorb2lI	unreviewed_link_not_product
1894	2025-02-23 09:47:00	7	дешевый вариант для четырех дисков	https://exler.es/aliexpress/delimsya-nahodkami-iz-kitajskih-magazinov-211.htm	https://s.click.aliexpress.com/e/_oEXh2vI	unreviewed_link_not_product
1894	2025-02-23 09:47:00	8	Tigernu T-B9121	https://exler.es/aliexpress/delimsya-nahodkami-iz-kitajskih-magazinov-211.htm	https://s.click.aliexpress.com/e/_omxLgJK	unreviewed_link_not_product
1938	2025-02-16 09:00:00	1	тройник	https://exler.es/aliexpress/delimsya-nahodkami-iz-kitajskih-magazinov-210.htm	https://s.click.aliexpress.com/e/_omveEgQ	unreviewed_link_not_product
1938	2025-02-16 09:00:00	2	Держатель для наушников	https://exler.es/aliexpress/delimsya-nahodkami-iz-kitajskih-magazinov-210.htm	https://s.click.aliexpress.com/e/_on3F1mI	unreviewed_link_not_product
1938	2025-02-16 09:00:00	3	дозатор и аэратор для вина	https://exler.es/aliexpress/delimsya-nahodkami-iz-kitajskih-magazinov-210.htm	https://s.click.aliexpress.com/e/_oFMXa3M	unreviewed_link_not_product
1938	2025-02-16 09:00:00	4	Xiaomi Mijia Air Pump 2	https://exler.es/aliexpress/delimsya-nahodkami-iz-kitajskih-magazinov-210.htm	https://s.click.aliexpress.com/e/_ok7sxby	unreviewed_link_not_product
1938	2025-02-16 09:00:00	5	вот хороший вариант	https://exler.es/aliexpress/delimsya-nahodkami-iz-kitajskih-magazinov-210.htm	https://s.click.aliexpress.com/e/_omlxWQQ	unreviewed_link_not_product
1938	2025-02-16 09:00:00	6	"инструмент ""4 в 1"""	https://exler.es/aliexpress/delimsya-nahodkami-iz-kitajskih-magazinov-210.htm	https://s.click.aliexpress.com/e/_oFe8pW6	unreviewed_link_not_product
1938	2025-02-16 09:00:00	6	вот такой универсальный вариант	https://exler.es/aliexpress/delimsya-nahodkami-iz-kitajskih-magazinov-210.htm	https://s.click.aliexpress.com/e/_oDZZHAi	unreviewed_link_not_product
1938	2025-02-16 09:00:00	7	устройство для протирки стекол автомобиля	https://exler.es/aliexpress/delimsya-nahodkami-iz-kitajskih-magazinov-210.htm	https://s.click.aliexpress.com/e/_opYUdym	unreviewed_link_not_product
1938	2025-02-16 09:00:00	7	устройство с телескопической металлической ручкой	https://exler.es/aliexpress/delimsya-nahodkami-iz-kitajskih-magazinov-210.htm	https://s.click.aliexpress.com/e/_oB5PXIS	unreviewed_link_not_product
1938	2025-02-16 09:00:00	8	"Детектор воздуха ""15 в 1"""	https://exler.es/aliexpress/delimsya-nahodkami-iz-kitajskih-magazinov-210.htm	https://s.click.aliexpress.com/e/_ophB4Dc	unreviewed_link_not_product
1938	2025-02-16 09:00:00	9	удобный тестер для десяти видов батареек	https://exler.es/aliexpress/delimsya-nahodkami-iz-kitajskih-magazinov-210.htm	https://s.click.aliexpress.com/e/_oD9Iil4	unreviewed_link_not_product
1976	2025-02-09 09:00:00	0	кожаный чехол для ноутбука	https://exler.es/aliexpress/delimsya-nahodkami-iz-kitajskih-magazinov-209.htm	https://s.click.aliexpress.com/e/_ooPo4dh	unreviewed_link_not_product
1976	2025-02-09 09:00:00	1	кожаная мужская сумка	https://exler.es/aliexpress/delimsya-nahodkami-iz-kitajskih-magazinov-209.htm	https://s.click.aliexpress.com/e/_oDLP5Rf	unreviewed_link_not_product
1976	2025-02-09 09:00:00	2	MOVESPEED M25Pro	https://exler.es/aliexpress/delimsya-nahodkami-iz-kitajskih-magazinov-209.htm	https://s.click.aliexpress.com/e/_oFf72hV	unreviewed_link_not_product
1976	2025-02-09 09:00:00	3	Xiaomi Soocas X3U	https://exler.es/aliexpress/delimsya-nahodkami-iz-kitajskih-magazinov-209.htm	https://s.click.aliexpress.com/e/_oDiN0uT	unreviewed_link_not_product
1976	2025-02-09 09:00:00	3	Xiaomi Mijia Sonic T100	https://exler.es/aliexpress/delimsya-nahodkami-iz-kitajskih-magazinov-209.htm	https://s.click.aliexpress.com/e/_okNJ0sj	unreviewed_link_not_product
1976	2025-02-09 09:00:00	4	автомобильный крэдл Baseus	https://exler.es/aliexpress/delimsya-nahodkami-iz-kitajskih-magazinov-209.htm	https://s.click.aliexpress.com/e/_oFlih0J	unreviewed_link_not_product
1976	2025-02-09 09:00:00	5	"несколько видов ""Титаников"""	https://exler.es/aliexpress/delimsya-nahodkami-iz-kitajskih-magazinov-209.htm	https://s.click.aliexpress.com/e/_ooVFhtv	unreviewed_link_not_product
1976	2025-02-09 09:00:00	6	"удлинитель Orico ""5 в 1"""	https://exler.es/aliexpress/delimsya-nahodkami-iz-kitajskih-magazinov-209.htm	https://s.click.aliexpress.com/e/_opzCZXN	unreviewed_link_not_product
1976	2025-02-09 09:00:00	7	никель-металлгидридные аккумуляторы	https://exler.es/aliexpress/delimsya-nahodkami-iz-kitajskih-magazinov-209.htm	https://s.click.aliexpress.com/e/_omicnQj	unreviewed_link_not_product
1976	2025-02-09 09:00:00	8	вытягиваемые кабели	https://exler.es/aliexpress/delimsya-nahodkami-iz-kitajskih-magazinov-209.htm	https://s.click.aliexpress.com/e/_op7ub91	unreviewed_link_not_product
1976	2025-02-09 09:00:00	9	крючки для подголовника	https://exler.es/aliexpress/delimsya-nahodkami-iz-kitajskih-magazinov-209.htm	https://s.click.aliexpress.com/e/_ooVz9ZZ	unreviewed_link_not_product
2017	2025-02-02 10:05:00	0	тонкая пленка	https://exler.es/aliexpress/delimsya-nahodkami-iz-kitajskih-magazinov-208.htm	https://s.click.aliexpress.com/e/_op19HLB	unreviewed_link_not_product
2017	2025-02-02 10:05:00	1	органайзеров для кабелей	https://exler.es/aliexpress/delimsya-nahodkami-iz-kitajskih-magazinov-208.htm	https://s.click.aliexpress.com/e/_ooq5PEN	unreviewed_link_not_product
2017	2025-02-02 10:05:00	1	трубчатый гибкий органайзер для кабелей	https://exler.es/aliexpress/delimsya-nahodkami-iz-kitajskih-magazinov-208.htm	https://s.click.aliexpress.com/e/_ok9UxxX	unreviewed_link_not_product
2017	2025-02-02 10:05:00	2	такие кабели	https://exler.es/aliexpress/delimsya-nahodkami-iz-kitajskih-magazinov-208.htm	https://s.click.aliexpress.com/e/_omlDyMz	unreviewed_link_not_product
2017	2025-02-02 10:05:00	2	насадка на Type-С	https://exler.es/aliexpress/delimsya-nahodkami-iz-kitajskih-magazinov-208.htm	https://s.click.aliexpress.com/e/_oBfNKdr	unreviewed_link_not_product
2017	2025-02-02 10:05:00	3	кожаная мужская сумка через плечо	https://exler.es/aliexpress/delimsya-nahodkami-iz-kitajskih-magazinov-208.htm	https://s.click.aliexpress.com/e/_oDLP5Rf	unreviewed_link_not_product
2017	2025-02-02 10:05:00	4	вот такая компактная мышка Ugreen	https://exler.es/aliexpress/delimsya-nahodkami-iz-kitajskih-magazinov-208.htm	https://s.click.aliexpress.com/e/_opoGnSz	unreviewed_link_not_product
2017	2025-02-02 10:05:00	5	сова с часами	https://exler.es/aliexpress/delimsya-nahodkami-iz-kitajskih-magazinov-208.htm	https://s.click.aliexpress.com/e/_ompm7aV	unreviewed_link_not_product
2017	2025-02-02 10:05:00	6	UGREEN HiTune T6	https://exler.es/aliexpress/delimsya-nahodkami-iz-kitajskih-magazinov-208.htm	https://s.click.aliexpress.com/e/_oEvSgUV	unreviewed_link_not_product
2017	2025-02-02 10:05:00	7	Сверхкомпактные отвертки	https://exler.es/aliexpress/delimsya-nahodkami-iz-kitajskih-magazinov-208.htm	https://s.click.aliexpress.com/e/_oCwOibT	unreviewed_link_not_product
2062	2025-01-26 09:00:00	0	моделька на 4 жестких диска	https://exler.es/aliexpress/delimsya-nahodkami-iz-kitajskih-magazinov-207.htm	https://s.click.aliexpress.com/e/_ooVvYol	unreviewed_link_not_product
2062	2025-01-26 09:00:00	1	органайзера	https://exler.es/aliexpress/delimsya-nahodkami-iz-kitajskih-magazinov-207.htm	https://s.click.aliexpress.com/e/_oC0y6Kv	unreviewed_link_not_product
2062	2025-01-26 09:00:00	1	вот такие	https://exler.es/aliexpress/delimsya-nahodkami-iz-kitajskih-magazinov-207.htm	https://s.click.aliexpress.com/e/_olFfKdr	unreviewed_link_not_product
2062	2025-01-26 09:00:00	2	держатель	https://exler.es/aliexpress/delimsya-nahodkami-iz-kitajskih-magazinov-207.htm	https://s.click.aliexpress.com/e/_okItsKD	unreviewed_link_not_product
2062	2025-01-26 09:00:00	3	кабель	https://exler.es/aliexpress/delimsya-nahodkami-iz-kitajskih-magazinov-207.htm	https://s.click.aliexpress.com/e/_oBvxT5T	unreviewed_link_not_product
2062	2025-01-26 09:00:00	4	вот эти электрические мельнички	https://exler.es/aliexpress/delimsya-nahodkami-iz-kitajskih-magazinov-207.htm	https://s.click.aliexpress.com/e/_oCkjR6l	unreviewed_link_not_product
2062	2025-01-26 09:00:00	4	электрический пробочник	https://exler.es/aliexpress/delimsya-nahodkami-iz-kitajskih-magazinov-207.htm	https://s.click.aliexpress.com/e/_oEwCe77	unreviewed_link_not_product
2062	2025-01-26 09:00:00	5	двухсторонний скотч	https://exler.es/aliexpress/delimsya-nahodkami-iz-kitajskih-magazinov-207.htm	https://s.click.aliexpress.com/e/_oDBnofL	unreviewed_link_not_product
2062	2025-01-26 09:00:00	6	внешний аккумулятор Xiaomi	https://exler.es/aliexpress/delimsya-nahodkami-iz-kitajskih-magazinov-207.htm	https://s.click.aliexpress.com/e/_om24gJL	unreviewed_link_not_product
2062	2025-01-26 09:00:00	7	Универсальная флешка от Movispeed	https://exler.es/aliexpress/delimsya-nahodkami-iz-kitajskih-magazinov-207.htm	https://s.click.aliexpress.com/e/_ooEBNkp	unreviewed_link_not_product
2062	2025-01-26 09:00:00	8	термос для настоящих гиков	https://exler.es/aliexpress/delimsya-nahodkami-iz-kitajskih-magazinov-207.htm	https://s.click.aliexpress.com/e/_oDOGKEp	unreviewed_link_not_product
2112	2025-01-19 09:00:00	0	внешний аккумулятор QOOVI на 5000 мАч	https://exler.es/aliexpress/delimsya-nahodkami-iz-kitajskih-magazinov-206.htm	https://s.click.aliexpress.com/e/_onFqhUt	unreviewed_link_not_product
2112	2025-01-19 09:00:00	1	силиконовая накладка	https://exler.es/aliexpress/delimsya-nahodkami-iz-kitajskih-magazinov-206.htm	https://s.click.aliexpress.com/e/_oEVBemt	unreviewed_link_not_product
2112	2025-01-19 09:00:00	2	OTG-адаптер	https://exler.es/aliexpress/delimsya-nahodkami-iz-kitajskih-magazinov-206.htm	https://s.click.aliexpress.com/e/_ok1ziLj	unreviewed_link_not_product
2112	2025-01-19 09:00:00	3	3D маска для сна от Xiaomi	https://exler.es/aliexpress/delimsya-nahodkami-iz-kitajskih-magazinov-206.htm	https://s.click.aliexpress.com/e/_opeGRw5	unreviewed_link_not_product
2112	2025-01-19 09:00:00	4	степер	https://exler.es/aliexpress/delimsya-nahodkami-iz-kitajskih-magazinov-206.htm	https://s.click.aliexpress.com/e/_oD5X5Pr	unreviewed_link_not_product
2112	2025-01-19 09:00:00	5	Автомобильный адаптер Essager	https://exler.es/aliexpress/delimsya-nahodkami-iz-kitajskih-magazinov-206.htm	https://s.click.aliexpress.com/e/_omU93rX	unreviewed_link_not_product
2112	2025-01-19 09:00:00	6	наплечная сумка HcanKcan	https://exler.es/aliexpress/delimsya-nahodkami-iz-kitajskih-magazinov-206.htm	https://s.click.aliexpress.com/e/_opd7cx7	unreviewed_link_not_product
2112	2025-01-19 09:00:00	7	эргономичная компактная мышка Ugreen	https://exler.es/aliexpress/delimsya-nahodkami-iz-kitajskih-magazinov-206.htm	https://s.click.aliexpress.com/e/_oo7q7LR	unreviewed_link_not_product
2112	2025-01-19 09:00:00	8	Baseus DS10	https://exler.es/aliexpress/delimsya-nahodkami-iz-kitajskih-magazinov-206.htm	https://s.click.aliexpress.com/e/_oo8b11L	unreviewed_link_not_product
2112	2025-01-19 09:00:00	9	Essager	https://exler.es/aliexpress/delimsya-nahodkami-iz-kitajskih-magazinov-206.htm	https://s.click.aliexpress.com/e/_omF6cuV	unreviewed_link_not_product
2150	2025-01-12 10:34:00	0	писал	https://exler.es/aliexpress/delimsya-nahodkami-iz-kitajskih-magazinov-205.htm	https://s.click.aliexpress.com/e/_oFdQLkd	unreviewed_link_not_product
2150	2025-01-12 10:34:00	0	автомобильный зарядный адаптер	https://exler.es/aliexpress/delimsya-nahodkami-iz-kitajskih-magazinov-205.htm	https://s.click.aliexpress.com/e/_oCFdxfb	unreviewed_link_not_product
2150	2025-01-12 10:34:00	1	вот такой вариант	https://exler.es/aliexpress/delimsya-nahodkami-iz-kitajskih-magazinov-205.htm	https://s.click.aliexpress.com/e/_oEelB33	unreviewed_link_not_product
2150	2025-01-12 10:34:00	2	USAMS GaN-адаптер на 65 Вт	https://exler.es/aliexpress/delimsya-nahodkami-iz-kitajskih-magazinov-205.htm	https://s.click.aliexpress.com/e/_oDZTzrj	unreviewed_link_not_product
2150	2025-01-12 10:34:00	3	Металлический кейс Orico для SSD NVMe M.2	https://exler.es/aliexpress/delimsya-nahodkami-iz-kitajskih-magazinov-205.htm	https://s.click.aliexpress.com/e/_onKKxSv	unreviewed_link_not_product
2150	2025-01-12 10:34:00	4	водонепроницаемая сумка	https://exler.es/aliexpress/delimsya-nahodkami-iz-kitajskih-magazinov-205.htm	https://s.click.aliexpress.com/e/_ol6FZtn	unreviewed_link_not_product
2150	2025-01-12 10:34:00	5	LED-подсветка с датчиком движения	https://exler.es/aliexpress/delimsya-nahodkami-iz-kitajskih-magazinov-205.htm	https://s.click.aliexpress.com/e/_onaMm6h	unreviewed_link_not_product
2150	2025-01-12 10:34:00	6	рюкзак-сумку для ноутбука	https://exler.es/aliexpress/delimsya-nahodkami-iz-kitajskih-magazinov-205.htm	https://s.click.aliexpress.com/e/_oDB26wp	unreviewed_link_not_product
2150	2025-01-12 10:34:00	7	Черная жемчужина	https://exler.es/aliexpress/delimsya-nahodkami-iz-kitajskih-magazinov-205.htm	https://s.click.aliexpress.com/e/_oCotVdT	unreviewed_link_not_product
2150	2025-01-12 10:34:00	8	металлический кубик-антистресс	https://exler.es/aliexpress/delimsya-nahodkami-iz-kitajskih-magazinov-205.htm	https://s.click.aliexpress.com/e/_oEuhGxj	unreviewed_link_not_product
2150	2025-01-12 10:34:00	9	складной нож Workpro с бритвенным лезвием	https://exler.es/aliexpress/delimsya-nahodkami-iz-kitajskih-magazinov-205.htm	https://s.click.aliexpress.com/e/_oDl2LG1	unreviewed_link_not_product
2200	2025-01-05 08:00:00	0	тройник	https://exler.es/aliexpress/delimsya-nahodkami-iz-kitajskih-magazinov-204.htm	https://s.click.aliexpress.com/e/_ooYgdkT	unreviewed_link_not_product
2200	2025-01-05 08:00:00	0	вот такой удобный вариант	https://exler.es/aliexpress/delimsya-nahodkami-iz-kitajskih-magazinov-204.htm	https://s.click.aliexpress.com/e/_opI82ZZ	unreviewed_link_not_product
2200	2025-01-05 08:00:00	1	гравитационных электромельничек	https://exler.es/aliexpress/delimsya-nahodkami-iz-kitajskih-magazinov-204.htm	https://s.click.aliexpress.com/e/_olcbaxd	unreviewed_link_not_product
2200	2025-01-05 08:00:00	2	"беспроводное зарядное устройство ""4 в 1"""	https://exler.es/aliexpress/delimsya-nahodkami-iz-kitajskih-magazinov-204.htm	https://s.click.aliexpress.com/e/_oDkqw5d	unreviewed_link_not_product
2200	2025-01-05 08:00:00	3	USB-хаб Orico	https://exler.es/aliexpress/delimsya-nahodkami-iz-kitajskih-magazinov-204.htm	https://s.click.aliexpress.com/e/_opwH6s7	unreviewed_link_not_product
2200	2025-01-05 08:00:00	3	устройство для регулировки звука на ПК	https://exler.es/aliexpress/delimsya-nahodkami-iz-kitajskih-magazinov-204.htm	https://s.click.aliexpress.com/e/_onOVWLH	unreviewed_link_not_product
2200	2025-01-05 08:00:00	3	сканер отпечатка пальца	https://exler.es/aliexpress/delimsya-nahodkami-iz-kitajskih-magazinov-204.htm	https://s.click.aliexpress.com/e/_ok5fWRz	unreviewed_link_not_product
2200	2025-01-05 08:00:00	3	вот такой сканер отпечатка	https://exler.es/aliexpress/delimsya-nahodkami-iz-kitajskih-magazinov-204.htm	https://s.click.aliexpress.com/e/_okd6osR	unreviewed_link_not_product
2200	2025-01-05 08:00:00	4	маленький аккумулятор на 5000 мАч	https://exler.es/aliexpress/delimsya-nahodkami-iz-kitajskih-magazinov-204.htm	https://s.click.aliexpress.com/e/_op1xUYf	unreviewed_link_not_product
2200	2025-01-05 08:00:00	5	отпариватель Xiaomi Mijia	https://exler.es/aliexpress/delimsya-nahodkami-iz-kitajskih-magazinov-204.htm	https://s.click.aliexpress.com/e/_oETnHk3	unreviewed_link_not_product
2200	2025-01-05 08:00:00	6	вот такой вариант разных размеров	https://exler.es/aliexpress/delimsya-nahodkami-iz-kitajskih-magazinov-204.htm	https://s.click.aliexpress.com/e/_opLgvqR	unreviewed_link_not_product
2200	2025-01-05 08:00:00	7	вот такой алюминиевый вариант	https://exler.es/aliexpress/delimsya-nahodkami-iz-kitajskih-magazinov-204.htm	https://s.click.aliexpress.com/e/_oFlhnbv	unreviewed_link_not_product
