post_id	date	section	label	url	link	review_status
4245	2023-12-24 09:00:00	0	самых разнообразных концентраторов	https://exler.es/aliexpress/delimsya-nahodkami-iz-kitajskih-magazinov-160.htm	https://alli.pub/6us1ed	unreviewed_link_not_product
4245	2023-12-24 09:00:00	1	а многоразовые	https://exler.es/aliexpress/delimsya-nahodkami-iz-kitajskih-magazinov-160.htm	https://alli.pub/6us1lr	unreviewed_link_not_product
4245	2023-12-24 09:00:00	2	деревянные мельнички для специй	https://exler.es/aliexpress/delimsya-nahodkami-iz-kitajskih-magazinov-160.htm	https://alli.pub/6us24f	unreviewed_link_not_product
4245	2023-12-24 09:00:00	3	Многофункциональный фонарик	https://exler.es/aliexpress/delimsya-nahodkami-iz-kitajskih-magazinov-160.htm	https://alli.pub/6us2ga	unreviewed_link_not_product
4245	2023-12-24 09:00:00	4	Универсальная полка-подставка	https://exler.es/aliexpress/delimsya-nahodkami-iz-kitajskih-magazinov-160.htm	https://alli.pub/6us31h	unreviewed_link_not_product
4245	2023-12-24 09:00:00	5	ночничок	https://exler.es/aliexpress/delimsya-nahodkami-iz-kitajskih-magazinov-160.htm	https://alli.pub/6us9u3	unreviewed_link_not_product
4245	2023-12-24 09:00:00	6	наборы на 1000 частей	https://exler.es/aliexpress/delimsya-nahodkami-iz-kitajskih-magazinov-160.htm	https://alli.pub/6usbxj	unreviewed_link_not_product
4245	2023-12-24 09:00:00	7	термосы	https://exler.es/aliexpress/delimsya-nahodkami-iz-kitajskih-magazinov-160.htm	https://alli.pub/6usa38	unreviewed_link_not_product
4245	2023-12-24 09:00:00	8	теплые зимние домашние тапки	https://exler.es/aliexpress/delimsya-nahodkami-iz-kitajskih-magazinov-160.htm	https://alli.pub/6uscar	unreviewed_link_not_product
4245	2023-12-24 09:00:00	9	оригинальная подставка	https://exler.es/aliexpress/delimsya-nahodkami-iz-kitajskih-magazinov-160.htm	https://alli.pub/6usaj6	unreviewed_link_not_product
4284	2023-12-17 09:00:00	0	Мужская сумка через плечо	https://exler.es/aliexpress/delimsya-nahodkami-iz-kitajskih-magazinov-159.htm	https://alli.pub/6ukyzg	unreviewed_link_not_product
4284	2023-12-17 09:00:00	1	Anker Soundcore Sport X10	https://exler.es/aliexpress/delimsya-nahodkami-iz-kitajskih-magazinov-159.htm	https://alli.pub/6ukzii	unreviewed_link_not_product
4284	2023-12-17 09:00:00	2	эргономичные маски для сна	https://exler.es/aliexpress/delimsya-nahodkami-iz-kitajskih-magazinov-159.htm	https://alli.pub/6ukzt0	unreviewed_link_not_product
4284	2023-12-17 09:00:00	3	настольная лампа	https://exler.es/aliexpress/delimsya-nahodkami-iz-kitajskih-magazinov-159.htm	https://alli.pub/6ukzwp	unreviewed_link_not_product
4284	2023-12-17 09:00:00	4	Xiaomi Mijia S700	https://exler.es/aliexpress/delimsya-nahodkami-iz-kitajskih-magazinov-159.htm	https://alli.pub/6uegdy	unreviewed_link_not_product
4284	2023-12-17 09:00:00	5	Дешевые (аналоги в 1,5-2 раза дороже) внешние SSD	https://exler.es/aliexpress/delimsya-nahodkami-iz-kitajskih-magazinov-159.htm	https://alli.pub/6ul9kr	unreviewed_link_not_product
4284	2023-12-17 09:00:00	6	Автоматические шейкеры	https://exler.es/aliexpress/delimsya-nahodkami-iz-kitajskih-magazinov-159.htm	https://alli.pub/6ul9uo	unreviewed_link_not_product
4284	2023-12-17 09:00:00	7	вот таком эспандере с регулируемой нагрузкой	https://exler.es/aliexpress/delimsya-nahodkami-iz-kitajskih-magazinov-159.htm	https://alli.pub/6ulcxp	unreviewed_link_not_product
4284	2023-12-17 09:00:00	8	датчик концентрации углекислого газа в комнате	https://exler.es/aliexpress/delimsya-nahodkami-iz-kitajskih-magazinov-159.htm	https://alli.pub/6uld69	unreviewed_link_not_product
4284	2023-12-17 09:00:00	9	механические деревянные мельнички	https://exler.es/aliexpress/delimsya-nahodkami-iz-kitajskih-magazinov-159.htm	https://alli.pub/6uldca	unreviewed_link_not_product
4324	2023-12-10 09:00:00	0	симпатичных и недорогих шаров на ёлку	https://exler.es/aliexpress/delimsya-nahodkami-iz-kitajskih-magazinov-158.htm	https://alli.pub/6uegv2	unreviewed_link_not_product
4324	2023-12-10 09:00:00	1	мощный внешний аккумулятор на 25000 мАч	https://exler.es/aliexpress/delimsya-nahodkami-iz-kitajskih-magazinov-158.htm	https://alli.pub/6ue0cg	unreviewed_link_not_product
4324	2023-12-10 09:00:00	2	Zeblaze GTR 3 Pro	https://exler.es/aliexpress/delimsya-nahodkami-iz-kitajskih-magazinov-158.htm	https://alli.pub/6ue28b	unreviewed_link_not_product
4324	2023-12-10 09:00:00	2	почти в четыре раза дороже	https://exler.es/aliexpress/delimsya-nahodkami-iz-kitajskih-magazinov-158.htm	https://alli.pub/6ue2dy	unreviewed_link_not_product
4324	2023-12-10 09:00:00	3	и вовсе можно купить за €30	https://exler.es/aliexpress/delimsya-nahodkami-iz-kitajskih-magazinov-158.htm	https://alli.pub/6uegfi	unreviewed_link_not_product
4324	2023-12-10 09:00:00	3	Xiaomi Mijia S700	https://exler.es/aliexpress/delimsya-nahodkami-iz-kitajskih-magazinov-158.htm	https://alli.pub/6uegdy	unreviewed_link_not_product
4324	2023-12-10 09:00:00	4	новая продвинутая модель	https://exler.es/aliexpress/delimsya-nahodkami-iz-kitajskih-magazinov-158.htm	https://alli.pub/6uel34	unreviewed_link_not_product
4324	2023-12-10 09:00:00	4	подвесную вешалку	https://exler.es/aliexpress/delimsya-nahodkami-iz-kitajskih-magazinov-158.htm	https://alli.pub/6uelyt	unreviewed_link_not_product
4324	2023-12-10 09:00:00	5	Увлажнитель воздуха с эффектом пламени	https://exler.es/aliexpress/delimsya-nahodkami-iz-kitajskih-magazinov-158.htm	https://alli.pub/6uelfk	unreviewed_link_not_product
4324	2023-12-10 09:00:00	6	недорогой GaN-адаптер такого рода от Baseus на 65 Вт	https://exler.es/aliexpress/delimsya-nahodkami-iz-kitajskih-magazinov-158.htm	https://alli.pub/6uem4g	unreviewed_link_not_product
4324	2023-12-10 09:00:00	7	кухонная подвеска для специй	https://exler.es/aliexpress/delimsya-nahodkami-iz-kitajskih-magazinov-158.htm	https://alli.pub/6uelse	unreviewed_link_not_product
4324	2023-12-10 09:00:00	8	принтер Phomemo M08F	https://exler.es/aliexpress/delimsya-nahodkami-iz-kitajskih-magazinov-158.htm	https://alli.pub/6uen4m	unreviewed_link_not_product
4324	2023-12-10 09:00:00	8	здесь	https://exler.es/aliexpress/delimsya-nahodkami-iz-kitajskih-magazinov-158.htm	https://alli.pub/6uenc0	unreviewed_link_not_product
4324	2023-12-10 09:00:00	9	Выдвижной ящик	https://exler.es/aliexpress/delimsya-nahodkami-iz-kitajskih-magazinov-158.htm	https://alli.pub/6uenlc	unreviewed_link_not_product
4358	2023-12-03 10:09:00	0	беспроводной телефон на Android с камерой	https://exler.es/aliexpress/delimsya-nahodkami-iz-kitajskih-magazinov-157.htm	https://alli.pub/6u8q4p	unreviewed_link_not_product
4358	2023-12-03 10:09:00	1	Магнитные доводчики-держатели	https://exler.es/aliexpress/delimsya-nahodkami-iz-kitajskih-magazinov-157.htm	https://alli.pub/6u959x	unreviewed_link_not_product
4358	2023-12-03 10:09:00	2	Tronsmart Bang 60W	https://exler.es/aliexpress/delimsya-nahodkami-iz-kitajskih-magazinov-157.htm	https://alli.pub/6u8qdn	unreviewed_link_not_product
4358	2023-12-03 10:09:00	4	HDMI 2.1 кабель от Ugreen	https://exler.es/aliexpress/delimsya-nahodkami-iz-kitajskih-magazinov-157.htm	https://alli.pub/6u8r4o	unreviewed_link_not_product
4358	2023-12-03 10:09:00	5	вариант от Baseus	https://exler.es/aliexpress/delimsya-nahodkami-iz-kitajskih-magazinov-157.htm	https://alli.pub/6u8x2d	unreviewed_link_not_product
4358	2023-12-03 10:09:00	6	увлажнители воздуха разных расцветок	https://exler.es/aliexpress/delimsya-nahodkami-iz-kitajskih-magazinov-157.htm	https://alli.pub/6u95dt	unreviewed_link_not_product
4358	2023-12-03 10:09:00	7	чайное ситечко	https://exler.es/aliexpress/delimsya-nahodkami-iz-kitajskih-magazinov-157.htm	https://alli.pub/6u9624	unreviewed_link_not_product
4358	2023-12-03 10:09:00	8	кофейные столики различных цветов	https://exler.es/aliexpress/delimsya-nahodkami-iz-kitajskih-magazinov-157.htm	https://alli.pub/6u9676	unreviewed_link_not_product
4358	2023-12-03 10:09:00	9	простейший запаковщик пакетов	https://exler.es/aliexpress/delimsya-nahodkami-iz-kitajskih-magazinov-157.htm	https://alli.pub/6u94v5	unreviewed_link_not_product
4398	2023-11-26 09:00:00	0	Черная пятница	https://exler.es/aliexpress/delimsya-nahodkami-iz-kitajskih-magazinov-156.htm	https://alli.pub/6u1cyg	unreviewed_link_not_product
4398	2023-11-26 09:00:00	0	топовые бренды	https://exler.es/aliexpress/delimsya-nahodkami-iz-kitajskih-magazinov-156.htm	https://alli.pub/6u1d61	unreviewed_link_not_product
4398	2023-11-26 09:00:00	1	Кружки Xiaomi Mijia из нержавеющей стали	https://exler.es/aliexpress/delimsya-nahodkami-iz-kitajskih-magazinov-156.htm	https://alli.pub/6u1zcm	unreviewed_link_not_product
4398	2023-11-26 09:00:00	2	переходники различных видов	https://exler.es/aliexpress/delimsya-nahodkami-iz-kitajskih-magazinov-156.htm	https://alli.pub/6u1umv	unreviewed_link_not_product
4398	2023-11-26 09:00:00	3	Несколько видов беспроводных клавиатур	https://exler.es/aliexpress/delimsya-nahodkami-iz-kitajskih-magazinov-156.htm	https://alli.pub/6u1ut3	unreviewed_link_not_product
4398	2023-11-26 09:00:00	4	GaN адаптер аж на 140 Вт	https://exler.es/aliexpress/delimsya-nahodkami-iz-kitajskih-magazinov-156.htm	https://alli.pub/6u1xuy	unreviewed_link_not_product
4398	2023-11-26 09:00:00	5	недорогой вакууматор	https://exler.es/aliexpress/delimsya-nahodkami-iz-kitajskih-magazinov-156.htm	https://alli.pub/6u1yfr	unreviewed_link_not_product
4398	2023-11-26 09:00:00	5	стоит в два раза дороже	https://exler.es/aliexpress/delimsya-nahodkami-iz-kitajskih-magazinov-156.htm	https://alli.pub/6u1yh4	unreviewed_link_not_product
4398	2023-11-26 09:00:00	5	отдельные рулоны или целый набор	https://exler.es/aliexpress/delimsya-nahodkami-iz-kitajskih-magazinov-156.htm	https://alli.pub/6u1yj2	unreviewed_link_not_product
4398	2023-11-26 09:00:00	6	Часы Xiaomi Deli	https://exler.es/aliexpress/delimsya-nahodkami-iz-kitajskih-magazinov-156.htm	https://alli.pub/6u1ypa	unreviewed_link_not_product
4398	2023-11-26 09:00:00	7	Регулируемая тёрка с кучей вариантов нарезки	https://exler.es/aliexpress/delimsya-nahodkami-iz-kitajskih-magazinov-156.htm	https://alli.pub/6u1yx2	unreviewed_link_not_product
4398	2023-11-26 09:00:00	8	брелок с ударным молотком для разбития стекла и с ножом для обрезания ремня	https://exler.es/aliexpress/delimsya-nahodkami-iz-kitajskih-magazinov-156.htm	https://alli.pub/6u1zp9	unreviewed_link_not_product
4398	2023-11-26 09:00:00	9	замок-блокиратор	https://exler.es/aliexpress/delimsya-nahodkami-iz-kitajskih-magazinov-156.htm	https://alli.pub/6u1zuw	unreviewed_link_not_product
4398	2023-11-26 09:00:00	10	айершаллензолльбрухштелленферурзахер	https://exler.es/aliexpress/delimsya-nahodkami-iz-kitajskih-magazinov-156.htm	https://alli.pub/6u1zyl	unreviewed_link_not_product
4438	2023-11-19 09:00:00	0	вот этой серии	https://exler.es/aliexpress/delimsya-nahodkami-iz-kitajskih-magazinov-155.htm	https://alli.pub/6tuf57	unreviewed_link_not_product
4438	2023-11-19 09:00:00	0	защитных перчаток	https://exler.es/aliexpress/delimsya-nahodkami-iz-kitajskih-magazinov-155.htm	https://alli.pub/6tuihy	unreviewed_link_not_product
4438	2023-11-19 09:00:00	1	OTG-адаптер	https://exler.es/aliexpress/delimsya-nahodkami-iz-kitajskih-magazinov-155.htm	https://alli.pub/6tugom	unreviewed_link_not_product
4438	2023-11-19 09:00:00	2	шикарный рояль	https://exler.es/aliexpress/delimsya-nahodkami-iz-kitajskih-magazinov-155.htm	https://alli.pub/6tuf9a	unreviewed_link_not_product
4438	2023-11-19 09:00:00	3	Xiaomi Redmi Buds 4	https://exler.es/aliexpress/delimsya-nahodkami-iz-kitajskih-magazinov-155.htm	https://alli.pub/6tug13	unreviewed_link_not_product
4438	2023-11-19 09:00:00	3	специальная лимитированная подарочная серия этих наушников	https://exler.es/aliexpress/delimsya-nahodkami-iz-kitajskih-magazinov-155.htm	https://alli.pub/6tug7p	unreviewed_link_not_product
4438	2023-11-19 09:00:00	4	вот этот кабель	https://exler.es/aliexpress/delimsya-nahodkami-iz-kitajskih-magazinov-155.htm	https://alli.pub/6tughf	unreviewed_link_not_product
4438	2023-11-19 09:00:00	5	постеры по мотивам фильмов Квентина Тарантино	https://exler.es/aliexpress/delimsya-nahodkami-iz-kitajskih-magazinov-155.htm	https://alli.pub/6tuisg	unreviewed_link_not_product
4438	2023-11-19 09:00:00	6	сумка	https://exler.es/aliexpress/delimsya-nahodkami-iz-kitajskih-magazinov-155.htm	https://alli.pub/6tuk1k	unreviewed_link_not_product
4438	2023-11-19 09:00:00	7	рулонные шторки	https://exler.es/aliexpress/delimsya-nahodkami-iz-kitajskih-magazinov-155.htm	https://alli.pub/6tukwv	unreviewed_link_not_product
4438	2023-11-19 09:00:00	8	кардиганы	https://exler.es/aliexpress/delimsya-nahodkami-iz-kitajskih-magazinov-155.htm	https://alli.pub/6tv6u4	unreviewed_link_not_product
4510	2023-11-05 10:46:00	0	стальной френч-пресс	https://exler.es/aliexpress/delimsya-nahodkami-iz-kitajskih-magazinov-154.htm	https://alli.pub/6tcyt3	unreviewed_link_not_product
4510	2023-11-05 10:46:00	1	еще пару вот таких мышек Ugreen	https://exler.es/aliexpress/delimsya-nahodkami-iz-kitajskih-magazinov-154.htm	https://alli.pub/6r8tvj	unreviewed_link_not_product
4510	2023-11-05 10:46:00	2	тройник на две розетки	https://exler.es/aliexpress/delimsya-nahodkami-iz-kitajskih-magazinov-154.htm	https://alli.pub/6tdf35	unreviewed_link_not_product
4510	2023-11-05 10:46:00	3	фонарик	https://exler.es/aliexpress/delimsya-nahodkami-iz-kitajskih-magazinov-154.htm	https://alli.pub/6tdf96	unreviewed_link_not_product
4510	2023-11-05 10:46:00	4	QCY H2 Pro	https://exler.es/aliexpress/delimsya-nahodkami-iz-kitajskih-magazinov-154.htm	https://alli.pub/6tcz6p	unreviewed_link_not_product
4510	2023-11-05 10:46:00	5	специальное устройство для заправки простыни под матрас	https://exler.es/aliexpress/delimsya-nahodkami-iz-kitajskih-magazinov-154.htm	https://alli.pub/6tdoov	unreviewed_link_not_product
4510	2023-11-05 10:46:00	6	ЦАП-усилитель	https://exler.es/aliexpress/delimsya-nahodkami-iz-kitajskih-magazinov-154.htm	https://alli.pub/6tdozk	unreviewed_link_not_product
4510	2023-11-05 10:46:00	6	IBasso DC05	https://exler.es/aliexpress/delimsya-nahodkami-iz-kitajskih-magazinov-154.htm	https://alli.pub/6tdpbm	unreviewed_link_not_product
4510	2023-11-05 10:46:00	7	Водонепроницаемая самоклеющаяся лента	https://exler.es/aliexpress/delimsya-nahodkami-iz-kitajskih-magazinov-154.htm	https://alli.pub/6tdpjl	unreviewed_link_not_product
4510	2023-11-05 10:46:00	8	GaN адаптер для зарядки от Ugreen	https://exler.es/aliexpress/delimsya-nahodkami-iz-kitajskih-magazinov-154.htm	https://alli.pub/6tdqa8	unreviewed_link_not_product
4510	2023-11-05 10:46:00	9	поилка для котиков	https://exler.es/aliexpress/delimsya-nahodkami-iz-kitajskih-magazinov-154.htm	https://alli.pub/6tdprk	unreviewed_link_not_product
4554	2023-10-29 09:00:00	0	простенький и недорогой увлажнитель воздуха	https://exler.es/aliexpress/delimsya-nahodkami-iz-kitajskih-magazinov-153.htm	https://alli.pub/6t6s7g	unreviewed_link_not_product
4554	2023-10-29 09:00:00	1	автоматическая кормушка для домашних питомцев	https://exler.es/aliexpress/delimsya-nahodkami-iz-kitajskih-magazinov-153.htm	https://alli.pub/6t6sf8	unreviewed_link_not_product
4554	2023-10-29 09:00:00	2	медитативных светильников с пересыпающимся песком	https://exler.es/aliexpress/delimsya-nahodkami-iz-kitajskih-magazinov-153.htm	https://alli.pub/6t6snz	unreviewed_link_not_product
4554	2023-10-29 09:00:00	3	зеркальных наклеек на стену	https://exler.es/aliexpress/delimsya-nahodkami-iz-kitajskih-magazinov-153.htm	https://alli.pub/6t6sqi	unreviewed_link_not_product
4554	2023-10-29 09:00:00	4	магнитный держатель смартфона	https://exler.es/aliexpress/delimsya-nahodkami-iz-kitajskih-magazinov-153.htm	https://alli.pub/6t6t1z	unreviewed_link_not_product
4554	2023-10-29 09:00:00	5	Удлинители с 2-метровым шнуром	https://exler.es/aliexpress/delimsya-nahodkami-iz-kitajskih-magazinov-153.htm	https://alli.pub/6t6swj	unreviewed_link_not_product
4554	2023-10-29 09:00:00	6	игрушка-антистресс	https://exler.es/aliexpress/delimsya-nahodkami-iz-kitajskih-magazinov-153.htm	https://alli.pub/6t6tca	unreviewed_link_not_product
4554	2023-10-29 09:00:00	7	мужских сумок-слингов	https://exler.es/aliexpress/delimsya-nahodkami-iz-kitajskih-magazinov-153.htm	https://alli.pub/6t70bp	unreviewed_link_not_product
4554	2023-10-29 09:00:00	8	"устройство для лепки пельменей и вареников ""2 в 1"""	https://exler.es/aliexpress/delimsya-nahodkami-iz-kitajskih-magazinov-153.htm	https://alli.pub/6t6zxb	unreviewed_link_not_product
4554	2023-10-29 09:00:00	8	электрическая пельменница	https://exler.es/aliexpress/delimsya-nahodkami-iz-kitajskih-magazinov-153.htm	https://alli.pub/6t700f	unreviewed_link_not_product
4554	2023-10-29 09:00:00	9	Закрывающиеся органайзеры	https://exler.es/aliexpress/delimsya-nahodkami-iz-kitajskih-magazinov-153.htm	https://alli.pub/6t7044	unreviewed_link_not_product
4595	2023-10-22 09:00:00	0	качественных разноцветных салфеток	https://exler.es/aliexpress/delimsya-nahodkami-iz-kitajskih-magazinov-152.htm	https://alli.pub/6sw4h5	unreviewed_link_not_product
4595	2023-10-22 09:00:00	1	удлинители для USB-кабелей	https://exler.es/aliexpress/delimsya-nahodkami-iz-kitajskih-magazinov-152.htm	https://alli.pub/6sw4ru	unreviewed_link_not_product
4595	2023-10-22 09:00:00	2	небольшого рюкзака для прогулок	https://exler.es/aliexpress/delimsya-nahodkami-iz-kitajskih-magazinov-152.htm	https://alli.pub/6sw55n	unreviewed_link_not_product
4595	2023-10-22 09:00:00	3	"устройство ""16 в 1"""	https://exler.es/aliexpress/delimsya-nahodkami-iz-kitajskih-magazinov-152.htm	https://alli.pub/6sw42y	unreviewed_link_not_product
4595	2023-10-22 09:00:00	4	складная силиконовая бутылка для воды	https://exler.es/aliexpress/delimsya-nahodkami-iz-kitajskih-magazinov-152.htm	https://alli.pub/6swidg	unreviewed_link_not_product
4595	2023-10-22 09:00:00	5	Cubot Note 21	https://exler.es/aliexpress/delimsya-nahodkami-iz-kitajskih-magazinov-152.htm	https://alli.pub/6sxs6x	unreviewed_link_not_product
4595	2023-10-22 09:00:00	6	силиконовая масленка	https://exler.es/aliexpress/delimsya-nahodkami-iz-kitajskih-magazinov-152.htm	https://alli.pub/6sxshf	unreviewed_link_not_product
4595	2023-10-22 09:00:00	7	Ортопедические подушки различных конфигураций	https://exler.es/aliexpress/delimsya-nahodkami-iz-kitajskih-magazinov-152.htm	https://alli.pub/6sxsn2	unreviewed_link_not_product
4595	2023-10-22 09:00:00	8	Ультратонкая индукционная плитка Xiaomi Mijia	https://exler.es/aliexpress/delimsya-nahodkami-iz-kitajskih-magazinov-152.htm	https://alli.pub/6sxxq1	unreviewed_link_not_product
4595	2023-10-22 09:00:00	9	многофункциональный домашний слайсер	https://exler.es/aliexpress/delimsya-nahodkami-iz-kitajskih-magazinov-152.htm	https://alli.pub/6sxxs6	unreviewed_link_not_product
4624	2023-10-15 09:00:00	0	вот такой переходник под аудиоджек	https://exler.es/aliexpress/delimsya-nahodkami-iz-kitajskih-magazinov-151.htm	https://alli.pub/6sku5v	unreviewed_link_not_product
4624	2023-10-15 09:00:00	0	переходник со встроенными ЦАП-усилителем	https://exler.es/aliexpress/delimsya-nahodkami-iz-kitajskih-magazinov-151.htm	https://alli.pub/6skuhc	unreviewed_link_not_product
4624	2023-10-15 09:00:00	0	переходники-усилители iBasso	https://exler.es/aliexpress/delimsya-nahodkami-iz-kitajskih-magazinov-151.htm	https://alli.pub/6skukg	unreviewed_link_not_product
4624	2023-10-15 09:00:00	1	вот этот дешевый усилитель от Xiaomi	https://exler.es/aliexpress/delimsya-nahodkami-iz-kitajskih-magazinov-151.htm	https://alli.pub/6skvab	unreviewed_link_not_product
4624	2023-10-15 09:00:00	2	элегантный чехол	https://exler.es/aliexpress/delimsya-nahodkami-iz-kitajskih-magazinov-151.htm	https://alli.pub/6skw6z	unreviewed_link_not_product
4624	2023-10-15 09:00:00	3	мини-аккумуляторы	https://exler.es/aliexpress/delimsya-nahodkami-iz-kitajskih-magazinov-151.htm	https://alli.pub/6skwc8	unreviewed_link_not_product
4624	2023-10-15 09:00:00	4	Продвинутый рюкзак	https://exler.es/aliexpress/delimsya-nahodkami-iz-kitajskih-magazinov-151.htm	https://alli.pub/6skwjm	unreviewed_link_not_product
4624	2023-10-15 09:00:00	5	алюминиевый контейнер для таблеток	https://exler.es/aliexpress/delimsya-nahodkami-iz-kitajskih-magazinov-151.htm	https://alli.pub/6sle2s	unreviewed_link_not_product
4624	2023-10-15 09:00:00	6	шлепанцы Xiaomi Youpin	https://exler.es/aliexpress/delimsya-nahodkami-iz-kitajskih-magazinov-151.htm	https://alli.pub/6slzwq	unreviewed_link_not_product
4624	2023-10-15 09:00:00	7	термокружка	https://exler.es/aliexpress/delimsya-nahodkami-iz-kitajskih-magazinov-151.htm	https://alli.pub/6sm14h	unreviewed_link_not_product
4685	2023-10-01 09:00:00	0	USB-хабы Orico	https://exler.es/aliexpress/delimsya-nahodkami-iz-kitajskih-magazinov-150.htm	https://alli.pub/6sgc5w	unreviewed_link_not_product
4685	2023-10-01 09:00:00	1	Soocas D3	https://exler.es/aliexpress/delimsya-nahodkami-iz-kitajskih-magazinov-150.htm	https://alli.pub/6sgkku	unreviewed_link_not_product
4685	2023-10-01 09:00:00	2	модель Ватикана	https://exler.es/aliexpress/delimsya-nahodkami-iz-kitajskih-magazinov-150.htm	https://alli.pub/6sgc2l	unreviewed_link_not_product
4685	2023-10-01 09:00:00	3	кабели QOOVI	https://exler.es/aliexpress/delimsya-nahodkami-iz-kitajskih-magazinov-150.htm	https://alli.pub/6sgip6	unreviewed_link_not_product
4685	2023-10-01 09:00:00	4	Китайский аэрохоккей	https://exler.es/aliexpress/delimsya-nahodkami-iz-kitajskih-magazinov-150.htm	https://alli.pub/6sgiq5	unreviewed_link_not_product
4685	2023-10-01 09:00:00	5	комплект из беспроводного HDMI передатчика и приемника	https://exler.es/aliexpress/delimsya-nahodkami-iz-kitajskih-magazinov-150.htm	https://alli.pub/6sgiu8	unreviewed_link_not_product
4685	2023-10-01 09:00:00	6	Мини-зонты	https://exler.es/aliexpress/delimsya-nahodkami-iz-kitajskih-magazinov-150.htm	https://alli.pub/6sgj20	unreviewed_link_not_product
4685	2023-10-01 09:00:00	7	Tolino Shine e-ink	https://exler.es/aliexpress/delimsya-nahodkami-iz-kitajskih-magazinov-150.htm	https://alli.pub/6sgjt1	unreviewed_link_not_product
4685	2023-10-01 09:00:00	8	шеф-ножом	https://exler.es/aliexpress/delimsya-nahodkami-iz-kitajskih-magazinov-150.htm	https://alli.pub/6sgk4i	unreviewed_link_not_product
4685	2023-10-01 09:00:00	8	5-дюймовый нож для мяса дамасской серии	https://exler.es/aliexpress/delimsya-nahodkami-iz-kitajskih-magazinov-150.htm	https://alli.pub/6sgk5a	unreviewed_link_not_product
4685	2023-10-01 09:00:00	8	механическая чистилка кожуры	https://exler.es/aliexpress/delimsya-nahodkami-iz-kitajskih-magazinov-150.htm	https://alli.pub/6sgkhc	unreviewed_link_not_product
4718	2023-09-24 09:00:00	0	Чашки с блюдцами с картинами Ван Гога	https://exler.es/aliexpress/delimsya-nahodkami-iz-kitajskih-magazinov-149.htm	https://alli.pub/6s9wyi	unreviewed_link_not_product
4718	2023-09-24 09:00:00	1	искусственные тюльпаны	https://exler.es/aliexpress/delimsya-nahodkami-iz-kitajskih-magazinov-149.htm	https://alli.pub/6s9xda	unreviewed_link_not_product
4718	2023-09-24 09:00:00	1	вот эти вазы	https://exler.es/aliexpress/delimsya-nahodkami-iz-kitajskih-magazinov-149.htm	https://alli.pub/6s9x6o	unreviewed_link_not_product
4718	2023-09-24 09:00:00	2	неодимовых магнитов с удобной ручкой и разных размеров	https://exler.es/aliexpress/delimsya-nahodkami-iz-kitajskih-magazinov-149.htm	https://alli.pub/6s9xtm	unreviewed_link_not_product
4718	2023-09-24 09:00:00	3	3D-модель Собора Парижской Богоматери	https://exler.es/aliexpress/delimsya-nahodkami-iz-kitajskih-magazinov-149.htm	https://alli.pub/6s9y1s	unreviewed_link_not_product
4718	2023-09-24 09:00:00	3	Piececool	https://exler.es/aliexpress/delimsya-nahodkami-iz-kitajskih-magazinov-149.htm	https://alli.pub/6s9y5h	unreviewed_link_not_product
4718	2023-09-24 09:00:00	3	вот такой их набор инструментов	https://exler.es/aliexpress/delimsya-nahodkami-iz-kitajskih-magazinov-149.htm	https://alli.pub/6s9ya5	unreviewed_link_not_product
4718	2023-09-24 09:00:00	4	хороший выбор	https://exler.es/aliexpress/delimsya-nahodkami-iz-kitajskih-magazinov-149.htm	https://alli.pub/6s9ydu	unreviewed_link_not_product
4718	2023-09-24 09:00:00	6	складной вариант	https://exler.es/aliexpress/delimsya-nahodkami-iz-kitajskih-magazinov-149.htm	https://alli.pub/6sa2dc	unreviewed_link_not_product
4718	2023-09-24 09:00:00	7	наборы с отличным электрическим пробочником	https://exler.es/aliexpress/delimsya-nahodkami-iz-kitajskih-magazinov-149.htm	https://alli.pub/6sa3vs	unreviewed_link_not_product
4718	2023-09-24 09:00:00	8	Магнитная полка	https://exler.es/aliexpress/delimsya-nahodkami-iz-kitajskih-magazinov-149.htm	https://alli.pub/6sa4hy	unreviewed_link_not_product
4718	2023-09-24 09:00:00	9	мощный зарядный адаптер для машины от Ugreen	https://exler.es/aliexpress/delimsya-nahodkami-iz-kitajskih-magazinov-149.htm	https://alli.pub/6sa535	unreviewed_link_not_product
4748	2023-09-17 09:00:00	0	вот такой новый интересный вариант	https://exler.es/aliexpress/delimsya-nahodkami-iz-kitajskih-magazinov-148.htm	https://alli.pub/6s6359	unreviewed_link_not_product
4748	2023-09-17 09:00:00	1	YOUPIN Car Vaccum Cleaner	https://exler.es/aliexpress/delimsya-nahodkami-iz-kitajskih-magazinov-148.htm	https://alli.pub/6s5sg9	unreviewed_link_not_product
4748	2023-09-17 09:00:00	1	Xiaomi Wireless Car Vacuum Cleaner	https://exler.es/aliexpress/delimsya-nahodkami-iz-kitajskih-magazinov-148.htm	https://alli.pub/6s5sjk	unreviewed_link_not_product
4748	2023-09-17 09:00:00	2	огромный выбор самых разнообразных брелоков	https://exler.es/aliexpress/delimsya-nahodkami-iz-kitajskih-magazinov-148.htm	https://alli.pub/6s63ph	unreviewed_link_not_product
4748	2023-09-17 09:00:00	2	цветастые и симпатичные	https://exler.es/aliexpress/delimsya-nahodkami-iz-kitajskih-magazinov-148.htm	https://alli.pub/6s63tr	unreviewed_link_not_product
4748	2023-09-17 09:00:00	2	в виде всяких блюд	https://exler.es/aliexpress/delimsya-nahodkami-iz-kitajskih-magazinov-148.htm	https://alli.pub/6s63wa	unreviewed_link_not_product
4748	2023-09-17 09:00:00	2	в виде ножичков	https://exler.es/aliexpress/delimsya-nahodkami-iz-kitajskih-magazinov-148.htm	https://alli.pub/6s63xg	unreviewed_link_not_product
4748	2023-09-17 09:00:00	2	с турецким счастливым глазом	https://exler.es/aliexpress/delimsya-nahodkami-iz-kitajskih-magazinov-148.htm	https://alli.pub/6s63yt	unreviewed_link_not_product
4748	2023-09-17 09:00:00	2	металлические	https://exler.es/aliexpress/delimsya-nahodkami-iz-kitajskih-magazinov-148.htm	https://alli.pub/6s640r	unreviewed_link_not_product
4748	2023-09-17 09:00:00	2	забавными собачками	https://exler.es/aliexpress/delimsya-nahodkami-iz-kitajskih-magazinov-148.htm	https://alli.pub/6s641c	unreviewed_link_not_product
4748	2023-09-17 09:00:00	2	различными символами	https://exler.es/aliexpress/delimsya-nahodkami-iz-kitajskih-magazinov-148.htm	https://alli.pub/6s642p	unreviewed_link_not_product
4748	2023-09-17 09:00:00	3	автоматический автомобильный крэдл	https://exler.es/aliexpress/delimsya-nahodkami-iz-kitajskih-magazinov-148.htm	https://alli.pub/6s64ao	unreviewed_link_not_product
4748	2023-09-17 09:00:00	4	бутербродница	https://exler.es/aliexpress/delimsya-nahodkami-iz-kitajskih-magazinov-148.htm	https://alli.pub/6s64mx	unreviewed_link_not_product
4748	2023-09-17 09:00:00	4	такая же, но на два бутерброда	https://exler.es/aliexpress/delimsya-nahodkami-iz-kitajskih-magazinov-148.htm	https://alli.pub/6s64p2	unreviewed_link_not_product
4748	2023-09-17 09:00:00	5	Специальная губка-скраб	https://exler.es/aliexpress/delimsya-nahodkami-iz-kitajskih-magazinov-148.htm	https://alli.pub/6s65bf	unreviewed_link_not_product
4748	2023-09-17 09:00:00	6	диспенсер для напитков	https://exler.es/aliexpress/delimsya-nahodkami-iz-kitajskih-magazinov-148.htm	https://alli.pub/6s65pm	unreviewed_link_not_product
4748	2023-09-17 09:00:00	6	есть бензоколонка	https://exler.es/aliexpress/delimsya-nahodkami-iz-kitajskih-magazinov-148.htm	https://alli.pub/6s688f	unreviewed_link_not_product
4748	2023-09-17 09:00:00	7	Стеклянные стаканы с квадратным сечением и забавными принтами	https://exler.es/aliexpress/delimsya-nahodkami-iz-kitajskih-magazinov-148.htm	https://alli.pub/6s65ry	unreviewed_link_not_product
4748	2023-09-17 09:00:00	8	внешний аккумулятор на 5000 мАч с функцией грелки	https://exler.es/aliexpress/delimsya-nahodkami-iz-kitajskih-magazinov-148.htm	https://alli.pub/6s668v	unreviewed_link_not_product
4748	2023-09-17 09:00:00	9	горшок с крышкой для всякой мелочи	https://exler.es/aliexpress/delimsya-nahodkami-iz-kitajskih-magazinov-148.htm	https://alli.pub/6s68g0	unreviewed_link_not_product
4783	2023-09-10 09:00:00	0	Нечто особенное	https://exler.es/aliexpress/delimsya-nahodkami-iz-kitajskih-magazinov-147.htm	https://alli.pub/6s147b	unreviewed_link_not_product
4783	2023-09-10 09:00:00	1	полноразмерная мембранная клавиатура от Ugreen	https://exler.es/aliexpress/delimsya-nahodkami-iz-kitajskih-magazinov-147.htm	https://alli.pub/6s14ck	unreviewed_link_not_product
4783	2023-09-10 09:00:00	2	рулетка с дисплеем	https://exler.es/aliexpress/delimsya-nahodkami-iz-kitajskih-magazinov-147.htm	https://alli.pub/6s1bm3	unreviewed_link_not_product
4783	2023-09-10 09:00:00	3	такой трогательной наклейки	https://exler.es/aliexpress/delimsya-nahodkami-iz-kitajskih-magazinov-147.htm	https://alli.pub/6s141v	unreviewed_link_not_product
4783	2023-09-10 09:00:00	4	Металлические кольца Baseus	https://exler.es/aliexpress/delimsya-nahodkami-iz-kitajskih-magazinov-147.htm	https://alli.pub/6s14ew	unreviewed_link_not_product
4783	2023-09-10 09:00:00	4	неоригинальный	https://exler.es/aliexpress/delimsya-nahodkami-iz-kitajskih-magazinov-147.htm	https://alli.pub/6s14n9	unreviewed_link_not_product
4783	2023-09-10 09:00:00	4	неоригинальная	https://exler.es/aliexpress/delimsya-nahodkami-iz-kitajskih-magazinov-147.htm	https://alli.pub/6s14rx	unreviewed_link_not_product
4783	2023-09-10 09:00:00	4	Автомобильный адаптер MagSafe	https://exler.es/aliexpress/delimsya-nahodkami-iz-kitajskih-magazinov-147.htm	https://alli.pub/6s14tv	unreviewed_link_not_product
4783	2023-09-10 09:00:00	4	"Магнитная беспроводная зарядка ""3 в 1"""	https://exler.es/aliexpress/delimsya-nahodkami-iz-kitajskih-magazinov-147.htm	https://alli.pub/6s14wl	unreviewed_link_not_product
4783	2023-09-10 09:00:00	4	телескопическая магнитная подставка	https://exler.es/aliexpress/delimsya-nahodkami-iz-kitajskih-magazinov-147.htm	https://alli.pub/6s14jd	unreviewed_link_not_product
4783	2023-09-10 09:00:00	5	супервпитывающие коврики	https://exler.es/aliexpress/delimsya-nahodkami-iz-kitajskih-magazinov-147.htm	https://alli.pub/6s1b9n	unreviewed_link_not_product
4783	2023-09-10 09:00:00	6	миниатюрный адаптер для карты microSD	https://exler.es/aliexpress/delimsya-nahodkami-iz-kitajskih-magazinov-147.htm	https://alli.pub/6s1b22	unreviewed_link_not_product
4783	2023-09-10 09:00:00	6	миниатюрный и быстрый вариант	https://exler.es/aliexpress/delimsya-nahodkami-iz-kitajskih-magazinov-147.htm	https://alli.pub/6s1b4s	unreviewed_link_not_product
4783	2023-09-10 09:00:00	7	складная корзина для белья	https://exler.es/aliexpress/delimsya-nahodkami-iz-kitajskih-magazinov-147.htm	https://alli.pub/6s1b65	unreviewed_link_not_product
4783	2023-09-10 09:00:00	8	вибрационная беспроводная колонка	https://exler.es/aliexpress/delimsya-nahodkami-iz-kitajskih-magazinov-147.htm	https://alli.pub/6s1br5	unreviewed_link_not_product
4811	2023-09-03 14:00:00	0	OTG-переходник с Type-C на USB-A	https://exler.es/aliexpress/delimsya-nahodkami-iz-kitajskih-magazinov-146.htm	https://alli.pub/6rwdrt	unreviewed_link_not_product
4811	2023-09-03 14:00:00	0	вот такой богатый выбор переходников	https://exler.es/aliexpress/delimsya-nahodkami-iz-kitajskih-magazinov-146.htm	https://alli.pub/6rwdvi	unreviewed_link_not_product
4811	2023-09-03 14:00:00	1	убегающий будильник	https://exler.es/aliexpress/delimsya-nahodkami-iz-kitajskih-magazinov-146.htm	https://alli.pub/6rwf2a	unreviewed_link_not_product
4811	2023-09-03 14:00:00	2	HOCO Sport	https://exler.es/aliexpress/delimsya-nahodkami-iz-kitajskih-magazinov-146.htm	https://alli.pub/6rvq45	unreviewed_link_not_product
4811	2023-09-03 14:00:00	3	Bluetooth-ресивер Ugreen	https://exler.es/aliexpress/delimsya-nahodkami-iz-kitajskih-magazinov-146.htm	https://alli.pub/6rwefj	unreviewed_link_not_product
4811	2023-09-03 14:00:00	4	полный аналог от Baseus	https://exler.es/aliexpress/delimsya-nahodkami-iz-kitajskih-magazinov-146.htm	https://alli.pub/6rweq8	unreviewed_link_not_product
4811	2023-09-03 14:00:00	5	водонепроницаемое покрытие для дивана-софы	https://exler.es/aliexpress/delimsya-nahodkami-iz-kitajskih-magazinov-146.htm	https://alli.pub/6rweyz	unreviewed_link_not_product
4811	2023-09-03 14:00:00	6	Lenovo ThinkPlus TH40	https://exler.es/aliexpress/delimsya-nahodkami-iz-kitajskih-magazinov-146.htm	https://alli.pub/6rwfa9	unreviewed_link_not_product
4811	2023-09-03 14:00:00	7	алюминиевая складная подставка под ноутбук	https://exler.es/aliexpress/delimsya-nahodkami-iz-kitajskih-magazinov-146.htm	https://alli.pub/6rwfgh	unreviewed_link_not_product
4811	2023-09-03 14:00:00	8	поднос для автомобиля	https://exler.es/aliexpress/delimsya-nahodkami-iz-kitajskih-magazinov-146.htm	https://alli.pub/6rwfmb	unreviewed_link_not_product
4845	2023-08-27 09:00:00	0	данного тройника от компании Lencent	https://exler.es/aliexpress/delimsya-nahodkami-iz-kitajskih-magazinov-145.htm	https://alli.pub/6rq7uv	unreviewed_link_not_product
4845	2023-08-27 09:00:00	0	двухметровый удлинитель	https://exler.es/aliexpress/delimsya-nahodkami-iz-kitajskih-magazinov-145.htm	https://alli.pub/6rq81a	unreviewed_link_not_product
4845	2023-08-27 09:00:00	1	сумок для ноутбуков	https://exler.es/aliexpress/delimsya-nahodkami-iz-kitajskih-magazinov-145.htm	https://alli.pub/6rq82g	unreviewed_link_not_product
4845	2023-08-27 09:00:00	2	компактный кошелек	https://exler.es/aliexpress/delimsya-nahodkami-iz-kitajskih-magazinov-145.htm	https://alli.pub/6rq8b0	unreviewed_link_not_product
4845	2023-08-27 09:00:00	3	70mai Dash Cam M300	https://exler.es/aliexpress/delimsya-nahodkami-iz-kitajskih-magazinov-145.htm	https://alli.pub/6rq8kc	unreviewed_link_not_product
4845	2023-08-27 09:00:00	4	Вращающийся вокруг вертикальной оси двухсторонний знак зодиака	https://exler.es/aliexpress/delimsya-nahodkami-iz-kitajskih-magazinov-145.htm	https://alli.pub/6rqfkc	unreviewed_link_not_product
4845	2023-08-27 09:00:00	4	Светящийся в темноте знак зодиака	https://exler.es/aliexpress/delimsya-nahodkami-iz-kitajskih-magazinov-145.htm	https://alli.pub/6rqflp	unreviewed_link_not_product
4845	2023-08-27 09:00:00	4	стильный вариант	https://exler.es/aliexpress/delimsya-nahodkami-iz-kitajskih-magazinov-145.htm	https://alli.pub/6rqfma	unreviewed_link_not_product
4845	2023-08-27 09:00:00	4	яркий вариант	https://exler.es/aliexpress/delimsya-nahodkami-iz-kitajskih-magazinov-145.htm	https://alli.pub/6rqfmo	unreviewed_link_not_product
4845	2023-08-27 09:00:00	5	беспроводная колонка Mifa A10+	https://exler.es/aliexpress/delimsya-nahodkami-iz-kitajskih-magazinov-145.htm	https://alli.pub/6rqg8n	unreviewed_link_not_product
4845	2023-08-27 09:00:00	6	XIAOMI MIJIA Electric Toothbrush T500	https://exler.es/aliexpress/delimsya-nahodkami-iz-kitajskih-magazinov-145.htm	https://alli.pub/6rqgdp	unreviewed_link_not_product
4845	2023-08-27 09:00:00	6	дополнительные оригинальные насадки	https://exler.es/aliexpress/delimsya-nahodkami-iz-kitajskih-magazinov-145.htm	https://alli.pub/6rqgk4	unreviewed_link_not_product
4845	2023-08-27 09:00:00	7	несколько вариантов недорогих домашних датчиков углекислого газа	https://exler.es/aliexpress/delimsya-nahodkami-iz-kitajskih-magazinov-145.htm	https://alli.pub/6rqgpd	unreviewed_link_not_product
4845	2023-08-27 09:00:00	8	подставка для монитора	https://exler.es/aliexpress/delimsya-nahodkami-iz-kitajskih-magazinov-145.htm	https://alli.pub/6rqgtu	unreviewed_link_not_product
4887	2023-08-20 11:30:00	0	зарядник Floveme	https://exler.es/aliexpress/delimsya-nahodkami-iz-kitajskih-magazinov-144.htm	https://alli.pub/6rk1bd	unreviewed_link_not_product
4887	2023-08-20 11:30:00	1	электрозаточка для ножей	https://exler.es/aliexpress/delimsya-nahodkami-iz-kitajskih-magazinov-144.htm	https://alli.pub/6rknlu	unreviewed_link_not_product
4887	2023-08-20 11:30:00	2	удобный чехол на молнии от Orico	https://exler.es/aliexpress/delimsya-nahodkami-iz-kitajskih-magazinov-144.htm	https://alli.pub/6rkmid	unreviewed_link_not_product
4887	2023-08-20 11:30:00	2	копеечных кейсов самых разных размеров	https://exler.es/aliexpress/delimsya-nahodkami-iz-kitajskih-magazinov-144.htm	https://alli.pub/6rkmkw	unreviewed_link_not_product
4887	2023-08-20 11:30:00	2	чемоданчик с ручкой	https://exler.es/aliexpress/delimsya-nahodkami-iz-kitajskih-magazinov-144.htm	https://alli.pub/6rkoa5	unreviewed_link_not_product
4887	2023-08-20 11:30:00	3	складная беспроводная мышка для ноутбуков	https://exler.es/aliexpress/delimsya-nahodkami-iz-kitajskih-magazinov-144.htm	https://alli.pub/6rkmut	unreviewed_link_not_product
4887	2023-08-20 11:30:00	4	подставок для смартфонов	https://exler.es/aliexpress/delimsya-nahodkami-iz-kitajskih-magazinov-144.htm	https://alli.pub/6rk14r	unreviewed_link_not_product
4887	2023-08-20 11:30:00	4	многофункциональная подставка	https://exler.es/aliexpress/delimsya-nahodkami-iz-kitajskih-magazinov-144.htm	https://alli.pub/6rkmp6	unreviewed_link_not_product
4887	2023-08-20 11:30:00	5	хлопчатобумажные рубашки	https://exler.es/aliexpress/delimsya-nahodkami-iz-kitajskih-magazinov-144.htm	https://alli.pub/6rko17	unreviewed_link_not_product
4887	2023-08-20 11:30:00	6	Навесные замки	https://exler.es/aliexpress/delimsya-nahodkami-iz-kitajskih-magazinov-144.htm	https://alli.pub/6rkmyb	unreviewed_link_not_product
4887	2023-08-20 11:30:00	7	деревянную разделочную доску из акации	https://exler.es/aliexpress/delimsya-nahodkami-iz-kitajskih-magazinov-144.htm	https://alli.pub/6rkn8m	unreviewed_link_not_product
4928	2023-08-13 09:00:00	0	вот эта электробритва	https://exler.es/aliexpress/delimsya-nahodkami-iz-kitajskih-magazinov-143.htm	https://alli.pub/6re9f0	unreviewed_link_not_product
4928	2023-08-13 09:00:00	1	Amazfit T-Rex Pro	https://exler.es/aliexpress/delimsya-nahodkami-iz-kitajskih-magazinov-143.htm	https://alli.pub/6reagj	unreviewed_link_not_product
4928	2023-08-13 09:00:00	1	премиальную версию этих часов	https://exler.es/aliexpress/delimsya-nahodkami-iz-kitajskih-magazinov-143.htm	https://alli.pub/6reass	unreviewed_link_not_product
4928	2023-08-13 09:00:00	2	"кабель для быстрой зарядки ""2 в 1"""	https://exler.es/aliexpress/delimsya-nahodkami-iz-kitajskih-magazinov-143.htm	https://alli.pub/6red8h	unreviewed_link_not_product
4928	2023-08-13 09:00:00	2	удобный зарядный адаптер для автомобиля	https://exler.es/aliexpress/delimsya-nahodkami-iz-kitajskih-magazinov-143.htm	https://alli.pub/6redil	unreviewed_link_not_product
4928	2023-08-13 09:00:00	3	Мужские нейлоновые ремни	https://exler.es/aliexpress/delimsya-nahodkami-iz-kitajskih-magazinov-143.htm	https://alli.pub/6renhq	unreviewed_link_not_product
4928	2023-08-13 09:00:00	4	простенького и дешевого USB-хаба на 4 порта	https://exler.es/aliexpress/delimsya-nahodkami-iz-kitajskih-magazinov-143.htm	https://alli.pub/6repl6	unreviewed_link_not_product
4928	2023-08-13 09:00:00	5	вот такого	https://exler.es/aliexpress/delimsya-nahodkami-iz-kitajskih-magazinov-143.htm	https://alli.pub/6repmc	unreviewed_link_not_product
4928	2023-08-13 09:00:00	6	автоматических складных зонтов	https://exler.es/aliexpress/delimsya-nahodkami-iz-kitajskih-magazinov-143.htm	https://alli.pub/6reprz	unreviewed_link_not_product
4928	2023-08-13 09:00:00	7	сумка	https://exler.es/aliexpress/delimsya-nahodkami-iz-kitajskih-magazinov-143.htm	https://alli.pub/6repvv	unreviewed_link_not_product
4964	2023-08-06 09:00:00	0	Полноформатная универсальная Win/Mac клавиатура Ugreen	https://exler.es/aliexpress/delimsya-nahodkami-iz-kitajskih-magazinov-142.htm	https://alli.pub/6r8tnd	unreviewed_link_not_product
4964	2023-08-06 09:00:00	1	хлопчатобумажные футболки свободного покроя	https://exler.es/aliexpress/delimsya-nahodkami-iz-kitajskih-magazinov-142.htm	https://alli.pub/6r8mii	unreviewed_link_not_product
4964	2023-08-06 09:00:00	2	Эргономичная и недорогая мышка от Ugreen	https://exler.es/aliexpress/delimsya-nahodkami-iz-kitajskih-magazinov-142.htm	https://alli.pub/6r8tvj	unreviewed_link_not_product
4964	2023-08-06 09:00:00	3	Спортивная сумка	https://exler.es/aliexpress/delimsya-nahodkami-iz-kitajskih-magazinov-142.htm	https://alli.pub/6r8mqa	unreviewed_link_not_product
4964	2023-08-06 09:00:00	4	Очень гибко настраиваемая настольная лампа	https://exler.es/aliexpress/delimsya-nahodkami-iz-kitajskih-magazinov-142.htm	https://alli.pub/6r8uk8	unreviewed_link_not_product
4964	2023-08-06 09:00:00	5	фонарик-брелок	https://exler.es/aliexpress/delimsya-nahodkami-iz-kitajskih-magazinov-142.htm	https://alli.pub/6r8vmj	unreviewed_link_not_product
4964	2023-08-06 09:00:00	6	термосумка	https://exler.es/aliexpress/delimsya-nahodkami-iz-kitajskih-magazinov-142.htm	https://alli.pub/6r8mts	unreviewed_link_not_product
4964	2023-08-06 09:00:00	7	Наклейки для ноутбука	https://exler.es/aliexpress/delimsya-nahodkami-iz-kitajskih-magazinov-142.htm	https://alli.pub/6r8usl	unreviewed_link_not_product
4964	2023-08-06 09:00:00	8	шторка от солнца для машины	https://exler.es/aliexpress/delimsya-nahodkami-iz-kitajskih-magazinov-142.htm	https://alli.pub/6r8v6z	unreviewed_link_not_product
4964	2023-08-06 09:00:00	9	литий-ионные аккумуляторы AA PALO	https://exler.es/aliexpress/delimsya-nahodkami-iz-kitajskih-magazinov-142.htm	https://alli.pub/6r8vgp	unreviewed_link_not_product
4999	2023-07-30 08:19:00	0	быстрый аэратор он же диспенсер	https://exler.es/aliexpress/delimsya-nahodkami-iz-kitajskih-magazinov-141.htm	https://alli.pub/6r2scv	unreviewed_link_not_product
4999	2023-07-30 08:19:00	1	вот такой чехол для пластиковой карты	https://exler.es/aliexpress/delimsya-nahodkami-iz-kitajskih-magazinov-141.htm	https://alli.pub/6r30s0	unreviewed_link_not_product
4999	2023-07-30 08:19:00	2	Несколько видов электрических дозаторов	https://exler.es/aliexpress/delimsya-nahodkami-iz-kitajskih-magazinov-141.htm	https://alli.pub/6r30gq	unreviewed_link_not_product
4999	2023-07-30 08:19:00	2	вариант дозатора	https://exler.es/aliexpress/delimsya-nahodkami-iz-kitajskih-magazinov-141.htm	https://alli.pub/6r30nx	unreviewed_link_not_product
4999	2023-07-30 08:19:00	3	перекидные электрические часы в ретро-стиле	https://exler.es/aliexpress/delimsya-nahodkami-iz-kitajskih-magazinov-141.htm	https://alli.pub/6r30x2	unreviewed_link_not_product
4999	2023-07-30 08:19:00	4	пробка с кодовым замком	https://exler.es/aliexpress/delimsya-nahodkami-iz-kitajskih-magazinov-141.htm	https://alli.pub/6r3176	unreviewed_link_not_product
4999	2023-07-30 08:19:00	5	вот этими деревянными подносами	https://exler.es/aliexpress/delimsya-nahodkami-iz-kitajskih-magazinov-141.htm	https://alli.pub/6r2sud	unreviewed_link_not_product
4999	2023-07-30 08:19:00	5	прямоугольных деревянных подносов	https://exler.es/aliexpress/delimsya-nahodkami-iz-kitajskih-magazinov-141.htm	https://alli.pub/6r2syn	unreviewed_link_not_product
4999	2023-07-30 08:19:00	6	"внешний аккумулятор USAMS ""3 в 1"""	https://exler.es/aliexpress/delimsya-nahodkami-iz-kitajskih-magazinov-141.htm	https://alli.pub/6r31gi	unreviewed_link_not_product
4999	2023-07-30 08:19:00	7	вот такие	https://exler.es/aliexpress/delimsya-nahodkami-iz-kitajskih-magazinov-141.htm	https://alli.pub/6r34ae	unreviewed_link_not_product
4999	2023-07-30 08:19:00	8	органайзер для батареек	https://exler.es/aliexpress/delimsya-nahodkami-iz-kitajskih-magazinov-141.htm	https://alli.pub/6r35rh	unreviewed_link_not_product
4999	2023-07-30 08:19:00	8	вот этот	https://exler.es/aliexpress/delimsya-nahodkami-iz-kitajskih-magazinov-141.htm	https://alli.pub/6ntco5	unreviewed_link_not_product
4999	2023-07-30 08:19:00	9	флешки в формате пластиковых карт	https://exler.es/aliexpress/delimsya-nahodkami-iz-kitajskih-magazinov-141.htm	https://alli.pub/6r3617	unreviewed_link_not_product
5033	2023-07-23 09:00:00	0	вот такой термометр с щупом	https://exler.es/aliexpress/delimsya-nahodkami-iz-kitajskih-magazinov-140.htm	https://alli.pub/6qxadi	unreviewed_link_not_product
5033	2023-07-23 09:00:00	0	пожалуйста	https://exler.es/aliexpress/delimsya-nahodkami-iz-kitajskih-magazinov-140.htm	https://alli.pub/6qxagm	unreviewed_link_not_product
5033	2023-07-23 09:00:00	0	пожалуйста	https://exler.es/aliexpress/delimsya-nahodkami-iz-kitajskih-magazinov-140.htm	https://alli.pub/6qxai6	unreviewed_link_not_product
5033	2023-07-23 09:00:00	1	метровые и двухметровые кабели	https://exler.es/aliexpress/delimsya-nahodkami-iz-kitajskih-magazinov-140.htm	https://alli.pub/6qx6p3	unreviewed_link_not_product
5033	2023-07-23 09:00:00	2	наборы таких зеркальных ромбов	https://exler.es/aliexpress/delimsya-nahodkami-iz-kitajskih-magazinov-140.htm	https://alli.pub/6qwsd1	unreviewed_link_not_product
5033	2023-07-23 09:00:00	3	70mai Dash Cam A400	https://exler.es/aliexpress/delimsya-nahodkami-iz-kitajskih-magazinov-140.htm	https://alli.pub/6qwxlg	unreviewed_link_not_product
5033	2023-07-23 09:00:00	4	Настенный держатель в виде руки	https://exler.es/aliexpress/delimsya-nahodkami-iz-kitajskih-magazinov-140.htm	https://alli.pub/6qwy4i	unreviewed_link_not_product
5033	2023-07-23 09:00:00	5	вот такой неплохой вариант	https://exler.es/aliexpress/delimsya-nahodkami-iz-kitajskih-magazinov-140.htm	https://alli.pub/6qx6dt	unreviewed_link_not_product
5033	2023-07-23 09:00:00	6	microSD Kingston Canvas Select Plus	https://exler.es/aliexpress/delimsya-nahodkami-iz-kitajskih-magazinov-140.htm	https://alli.pub/6qx6wh	unreviewed_link_not_product
5033	2023-07-23 09:00:00	7	простейший репитер WiFi от Xiaomi	https://exler.es/aliexpress/delimsya-nahodkami-iz-kitajskih-magazinov-140.htm	https://alli.pub/6qx76l	unreviewed_link_not_product
5033	2023-07-23 09:00:00	7	Xiaomi Range Extender AC1200	https://exler.es/aliexpress/delimsya-nahodkami-iz-kitajskih-magazinov-140.htm	https://alli.pub/6qx78x	unreviewed_link_not_product
5033	2023-07-23 09:00:00	8	сумки-рюкзака для ноутбука	https://exler.es/aliexpress/delimsya-nahodkami-iz-kitajskih-magazinov-140.htm	https://alli.pub/6qx7oh	unreviewed_link_not_product
5033	2023-07-23 09:00:00	9	"модель пиратского корабля ""Месть королевы Анны"""	https://exler.es/aliexpress/delimsya-nahodkami-iz-kitajskih-magazinov-140.htm	https://alli.pub/6qx7zr	unreviewed_link_not_product
5078	2023-07-16 09:00:00	0	тестер для проверки уровня заряда	https://exler.es/aliexpress/delimsya-nahodkami-iz-kitajskih-magazinov-139.htm	https://alli.pub/6qr96w	unreviewed_link_not_product
5078	2023-07-16 09:00:00	1	прозрачный внешний аккумулятор Usams на 9000 мАч	https://exler.es/aliexpress/delimsya-nahodkami-iz-kitajskih-magazinov-139.htm	https://alli.pub/6qr2tg	unreviewed_link_not_product
5078	2023-07-16 09:00:00	2	вот к такой зарядно-кулерной док-станции	https://exler.es/aliexpress/delimsya-nahodkami-iz-kitajskih-magazinov-139.htm	https://alli.pub/6qr33r	unreviewed_link_not_product
5078	2023-07-16 09:00:00	2	тоже есть	https://exler.es/aliexpress/delimsya-nahodkami-iz-kitajskih-magazinov-139.htm	https://alli.pub/6qr39s	unreviewed_link_not_product
5078	2023-07-16 09:00:00	3	пружинящие тапки вот такого типа	https://exler.es/aliexpress/delimsya-nahodkami-iz-kitajskih-magazinov-139.htm	https://alli.pub/6qr3jp	unreviewed_link_not_product
5078	2023-07-16 09:00:00	4	Многофункциональные накладки	https://exler.es/aliexpress/delimsya-nahodkami-iz-kitajskih-magazinov-139.htm	https://alli.pub/6qr48l	unreviewed_link_not_product
5078	2023-07-16 09:00:00	5	Ультратонкие дешевые портативные дисплеи	https://exler.es/aliexpress/delimsya-nahodkami-iz-kitajskih-magazinov-139.htm	https://alli.pub/6qr5hw	unreviewed_link_not_product
5078	2023-07-16 09:00:00	6	мужские кошельки	https://exler.es/aliexpress/delimsya-nahodkami-iz-kitajskih-magazinov-139.htm	https://alli.pub/6qr6r7	unreviewed_link_not_product
5078	2023-07-16 09:00:00	7	Хлопчатобумажные майки	https://exler.es/aliexpress/delimsya-nahodkami-iz-kitajskih-magazinov-139.htm	https://alli.pub/6qr9cj	unreviewed_link_not_product
5078	2023-07-16 09:00:00	8	держатель для планшета	https://exler.es/aliexpress/delimsya-nahodkami-iz-kitajskih-magazinov-139.htm	https://alli.pub/6qr6y7	unreviewed_link_not_product
5078	2023-07-16 09:00:00	9	прозрачные наклейки на клавиши ноутбука с русской раскладкой	https://exler.es/aliexpress/delimsya-nahodkami-iz-kitajskih-magazinov-139.htm	https://alli.pub/6qr73u	unreviewed_link_not_product
5109	2023-07-10 08:00:00	0	рюкзак из полиэстера	https://exler.es/aliexpress/delimsya-nahodkami-iz-kitajskih-magazinov-138.htm	https://alli.pub/6qm4p9	unreviewed_link_not_product
5109	2023-07-10 08:00:00	1	Новая модель продвинутого вакууматора	https://exler.es/aliexpress/delimsya-nahodkami-iz-kitajskih-magazinov-138.htm	https://alli.pub/6qmfda	unreviewed_link_not_product
5109	2023-07-10 08:00:00	1	вакуумные пакеты в рулоне	https://exler.es/aliexpress/delimsya-nahodkami-iz-kitajskih-magazinov-138.htm	https://alli.pub/6qmfhr	unreviewed_link_not_product
5109	2023-07-10 08:00:00	1	совсем простенькая версия вакууматора	https://exler.es/aliexpress/delimsya-nahodkami-iz-kitajskih-magazinov-138.htm	https://alli.pub/6qmfko	unreviewed_link_not_product
5109	2023-07-10 08:00:00	2	специальные алюминиевые подставки	https://exler.es/aliexpress/delimsya-nahodkami-iz-kitajskih-magazinov-138.htm	https://alli.pub/6qmfzn	unreviewed_link_not_product
5109	2023-07-10 08:00:00	2	вот такие совсем дешевые подставки	https://exler.es/aliexpress/delimsya-nahodkami-iz-kitajskih-magazinov-138.htm	https://alli.pub/6qmfvr	unreviewed_link_not_product
5109	2023-07-10 08:00:00	2	вот такой	https://exler.es/aliexpress/delimsya-nahodkami-iz-kitajskih-magazinov-138.htm	https://alli.pub/6qmg2y	unreviewed_link_not_product
5109	2023-07-10 08:00:00	3	Пробочник с помпой	https://exler.es/aliexpress/delimsya-nahodkami-iz-kitajskih-magazinov-138.htm	https://alli.pub/6qm55z	unreviewed_link_not_product
5109	2023-07-10 08:00:00	4	Керамический мусат	https://exler.es/aliexpress/delimsya-nahodkami-iz-kitajskih-magazinov-138.htm	https://alli.pub/6qm59o	unreviewed_link_not_product
5109	2023-07-10 08:00:00	5	внешний аккумулятор	https://exler.es/aliexpress/delimsya-nahodkami-iz-kitajskih-magazinov-138.htm	https://alli.pub/6qm5hn	unreviewed_link_not_product
5109	2023-07-10 08:00:00	6	счетчик потребления энергии	https://exler.es/aliexpress/delimsya-nahodkami-iz-kitajskih-magazinov-138.htm	https://alli.pub/6qm6ck	unreviewed_link_not_product
5109	2023-07-10 08:00:00	7	Устройство для изготовления кубиков льда	https://exler.es/aliexpress/delimsya-nahodkami-iz-kitajskih-magazinov-138.htm	https://alli.pub/6qm6ug	unreviewed_link_not_product
5109	2023-07-10 08:00:00	7	выбор из несколько моделей	https://exler.es/aliexpress/delimsya-nahodkami-iz-kitajskih-magazinov-138.htm	https://alli.pub/6qm6si	unreviewed_link_not_product
5109	2023-07-10 08:00:00	8	Увлажнитель-аромадиффузор SaenQ	https://exler.es/aliexpress/delimsya-nahodkami-iz-kitajskih-magazinov-138.htm	https://alli.pub/6qmf79	unreviewed_link_not_product
5109	2023-07-10 08:00:00	9	устройство	https://exler.es/aliexpress/delimsya-nahodkami-iz-kitajskih-magazinov-138.htm	https://alli.pub/6qmgaq	unreviewed_link_not_product
5146	2023-07-02 11:15:00	0	кожаных мужских ремней	https://exler.es/aliexpress/delimsya-nahodkami-iz-kitajskih-magazinov-137.htm	https://alli.pub/6qersc	unreviewed_link_not_product
5146	2023-07-02 11:15:00	1	вот этот саундбар	https://exler.es/aliexpress/delimsya-nahodkami-iz-kitajskih-magazinov-137.htm	https://alli.pub/6qevy9	unreviewed_link_not_product
5146	2023-07-02 11:15:00	2	вот здесь	https://exler.es/aliexpress/delimsya-nahodkami-iz-kitajskih-magazinov-137.htm	https://alli.pub/6qes13	unreviewed_link_not_product
5146	2023-07-02 11:15:00	2	этом же магазине	https://exler.es/aliexpress/delimsya-nahodkami-iz-kitajskih-magazinov-137.htm	https://alli.pub/6qes5r	unreviewed_link_not_product
5146	2023-07-02 11:15:00	2	носки с пальцами	https://exler.es/aliexpress/delimsya-nahodkami-iz-kitajskih-magazinov-137.htm	https://alli.pub/6qes6x	unreviewed_link_not_product
5146	2023-07-02 11:15:00	3	Xiaomi Mijia T700	https://exler.es/aliexpress/delimsya-nahodkami-iz-kitajskih-magazinov-137.htm	https://alli.pub/6qfwup	unreviewed_link_not_product
5146	2023-07-02 11:15:00	4	бейсболки с вентилятором	https://exler.es/aliexpress/delimsya-nahodkami-iz-kitajskih-magazinov-137.htm	https://alli.pub/6qesb7	unreviewed_link_not_product
5146	2023-07-02 11:15:00	5	прозрачная защитная самоклеющаяся пленка	https://exler.es/aliexpress/delimsya-nahodkami-iz-kitajskih-magazinov-137.htm	https://alli.pub/6qesmh	unreviewed_link_not_product
5146	2023-07-02 11:15:00	6	беспроводное зарядное устройство	https://exler.es/aliexpress/delimsya-nahodkami-iz-kitajskih-magazinov-137.htm	https://alli.pub/6qfxit	unreviewed_link_not_product
5146	2023-07-02 11:15:00	7	самоклеющихся лампочек-ночников с датчиком движения	https://exler.es/aliexpress/delimsya-nahodkami-iz-kitajskih-magazinov-137.htm	https://alli.pub/6qeubj	unreviewed_link_not_product
5146	2023-07-02 11:15:00	8	Фотохромные солнцезащитные очки-хамелеоны	https://exler.es/aliexpress/delimsya-nahodkami-iz-kitajskih-magazinov-137.htm	https://alli.pub/6qeuh6	unreviewed_link_not_product
5146	2023-07-02 11:15:00	9	копеечные держатели	https://exler.es/aliexpress/delimsya-nahodkami-iz-kitajskih-magazinov-137.htm	https://alli.pub/6qew7z	unreviewed_link_not_product
5193	2023-06-25 09:00:00	0	портативный складной вентилятор	https://exler.es/aliexpress/delimsya-nahodkami-iz-kitajskih-magazinov-136.htm	https://s.click.aliexpress.com/e/_Dmai389	unreviewed_link_not_product
5193	2023-06-25 09:00:00	1	Xiaomi Mijia Electric Induction Cooker 2	https://exler.es/aliexpress/delimsya-nahodkami-iz-kitajskih-magazinov-136.htm	https://s.click.aliexpress.com/e/_DEIDxVr	unreviewed_link_not_product
5193	2023-06-25 09:00:00	2	хорошо защищенный замок	https://exler.es/aliexpress/delimsya-nahodkami-iz-kitajskih-magazinov-136.htm	https://s.click.aliexpress.com/e/_DmoWpL3	unreviewed_link_not_product
5193	2023-06-25 09:00:00	3	"бейсболка с искусственной ""прической"""	https://exler.es/aliexpress/delimsya-nahodkami-iz-kitajskih-magazinov-136.htm	https://s.click.aliexpress.com/e/_Dmxn7lX	unreviewed_link_not_product
5193	2023-06-25 09:00:00	4	ручная швабра со сменной губкой-щеткой	https://exler.es/aliexpress/delimsya-nahodkami-iz-kitajskih-magazinov-136.htm	https://s.click.aliexpress.com/e/_DdcGQw9	unreviewed_link_not_product
5193	2023-06-25 09:00:00	5	Компактная лампа с сенсорным управлением	https://exler.es/aliexpress/delimsya-nahodkami-iz-kitajskih-magazinov-136.htm	https://s.click.aliexpress.com/e/_DlXPNnT	unreviewed_link_not_product
5193	2023-06-25 09:00:00	6	Автомобильный термос с дисплеем	https://exler.es/aliexpress/delimsya-nahodkami-iz-kitajskih-magazinov-136.htm	https://s.click.aliexpress.com/e/_DCHfsWV	unreviewed_link_not_product
5193	2023-06-25 09:00:00	7	Xiaomi Youpin 3	https://exler.es/aliexpress/delimsya-nahodkami-iz-kitajskih-magazinov-136.htm	https://s.click.aliexpress.com/e/_DnSc6Od	unreviewed_link_not_product
5193	2023-06-25 09:00:00	8	Складной стул	https://exler.es/aliexpress/delimsya-nahodkami-iz-kitajskih-magazinov-136.htm	https://s.click.aliexpress.com/e/_DnFCg3X	unreviewed_link_not_product
5193	2023-06-25 09:00:00	8	данного производителя он тоже есть	https://exler.es/aliexpress/delimsya-nahodkami-iz-kitajskih-magazinov-136.htm	https://s.click.aliexpress.com/e/_DCBSe5b	unreviewed_link_not_product
5193	2023-06-25 09:00:00	9	ограничитель и одновременно фиксатор	https://exler.es/aliexpress/delimsya-nahodkami-iz-kitajskih-magazinov-136.htm	https://s.click.aliexpress.com/e/_DdvDLrj	unreviewed_link_not_product
5235	2023-06-18 09:00:00	0	стоит €70	https://exler.es/aliexpress/delimsya-nahodkami-iz-kitajskih-magazinov-135.htm	https://s.click.aliexpress.com/e/_Dd0e5l3	unreviewed_link_not_product
5235	2023-06-18 09:00:00	0	TINTON LIFE	https://exler.es/aliexpress/delimsya-nahodkami-iz-kitajskih-magazinov-135.htm	https://s.click.aliexpress.com/e/_DloMjop	unreviewed_link_not_product
5235	2023-06-18 09:00:00	0	один рулон пакетов нужного размера	https://exler.es/aliexpress/delimsya-nahodkami-iz-kitajskih-magazinov-135.htm	https://s.click.aliexpress.com/e/_DDYvgc9	unreviewed_link_not_product
5235	2023-06-18 09:00:00	1	тройник, он же адаптер питания	https://exler.es/aliexpress/delimsya-nahodkami-iz-kitajskih-magazinov-135.htm	https://s.click.aliexpress.com/e/_DErEMJx	unreviewed_link_not_product
5235	2023-06-18 09:00:00	2	Серебристые и золотистые салатницы	https://exler.es/aliexpress/delimsya-nahodkami-iz-kitajskih-magazinov-135.htm	https://s.click.aliexpress.com/e/_DCJ9idr	unreviewed_link_not_product
5235	2023-06-18 09:00:00	3	набор для игры в настольный теннис	https://exler.es/aliexpress/delimsya-nahodkami-iz-kitajskih-magazinov-135.htm	https://s.click.aliexpress.com/e/_Dm7rmn7	unreviewed_link_not_product
5235	2023-06-18 09:00:00	4	маленький зарядный кабель в виде брелока для ключей	https://exler.es/aliexpress/delimsya-nahodkami-iz-kitajskih-magazinov-135.htm	https://s.click.aliexpress.com/e/_Dkg6Ifj	unreviewed_link_not_product
5235	2023-06-18 09:00:00	5	четырех пластиковых подставок для обуви	https://exler.es/aliexpress/delimsya-nahodkami-iz-kitajskih-magazinov-135.htm	https://s.click.aliexpress.com/e/_Dl1zsUN	unreviewed_link_not_product
5235	2023-06-18 09:00:00	6	Шесть качественных ножей для стейка	https://exler.es/aliexpress/delimsya-nahodkami-iz-kitajskih-magazinov-135.htm	https://s.click.aliexpress.com/e/_DD6DC2D	unreviewed_link_not_product
5235	2023-06-18 09:00:00	7	зубная щётка Nandme NX7000	https://exler.es/aliexpress/delimsya-nahodkami-iz-kitajskih-magazinov-135.htm	https://s.click.aliexpress.com/e/_DBAqsLb	unreviewed_link_not_product
5235	2023-06-18 09:00:00	8	Lefant M210	https://exler.es/aliexpress/delimsya-nahodkami-iz-kitajskih-magazinov-135.htm	https://s.click.aliexpress.com/e/_DkfVciZ	unreviewed_link_not_product
5235	2023-06-18 09:00:00	9	хлопковые майки	https://exler.es/aliexpress/delimsya-nahodkami-iz-kitajskih-magazinov-135.htm	https://s.click.aliexpress.com/e/_DEGG1Ff	unreviewed_link_not_product
5276	2023-06-11 09:00:00	1	заварочный чайник Xiaomi Mijia	https://exler.es/aliexpress/delimsya-nahodkami-iz-kitajskih-magazinov-134.htm	https://s.click.aliexpress.com/e/_DB1ZZWD	unreviewed_link_not_product
5276	2023-06-11 09:00:00	2	на вот этом	https://exler.es/aliexpress/delimsya-nahodkami-iz-kitajskih-magazinov-134.htm	https://s.click.aliexpress.com/e/_DEAiw3r	unreviewed_link_not_product
5276	2023-06-11 09:00:00	2	вот этот вариант	https://exler.es/aliexpress/delimsya-nahodkami-iz-kitajskih-magazinov-134.htm	https://s.click.aliexpress.com/e/_Dkolp5J	unreviewed_link_not_product
5276	2023-06-11 09:00:00	3	хлопковые футболки	https://exler.es/aliexpress/delimsya-nahodkami-iz-kitajskih-magazinov-134.htm	https://s.click.aliexpress.com/e/_DlNRe0v	unreviewed_link_not_product
5276	2023-06-11 09:00:00	3	вот вариант с собачками	https://exler.es/aliexpress/delimsya-nahodkami-iz-kitajskih-magazinov-134.htm	https://s.click.aliexpress.com/e/_DeSR3bL	unreviewed_link_not_product
5276	2023-06-11 09:00:00	4	Хорошо защищенный рюкзак	https://exler.es/aliexpress/delimsya-nahodkami-iz-kitajskih-magazinov-134.htm	https://s.click.aliexpress.com/e/_DkfqYtL	unreviewed_link_not_product
5276	2023-06-11 09:00:00	5	"устройство ""3 в 1"""	https://exler.es/aliexpress/delimsya-nahodkami-iz-kitajskih-magazinov-134.htm	https://s.click.aliexpress.com/e/_Dm9ULP7	unreviewed_link_not_product
5276	2023-06-11 09:00:00	6	складной автоматический зонт	https://exler.es/aliexpress/delimsya-nahodkami-iz-kitajskih-magazinov-134.htm	https://s.click.aliexpress.com/e/_DEpWBmv	unreviewed_link_not_product
5276	2023-06-11 09:00:00	7	ковриков для ванной	https://exler.es/aliexpress/delimsya-nahodkami-iz-kitajskih-magazinov-134.htm	https://s.click.aliexpress.com/e/_DlXEwaH	unreviewed_link_not_product
5276	2023-06-11 09:00:00	8	вот такой вариант	https://exler.es/aliexpress/delimsya-nahodkami-iz-kitajskih-magazinov-134.htm	https://s.click.aliexpress.com/e/_DeHsmzx	unreviewed_link_not_product
5276	2023-06-11 09:00:00	9	хороший выбор удлинителей для USB-A 3.0	https://exler.es/aliexpress/delimsya-nahodkami-iz-kitajskih-magazinov-134.htm	https://s.click.aliexpress.com/e/_DDYLT05	unreviewed_link_not_product
5276	2023-06-11 09:00:00	11	Featured products file Summer Sale (Items cannot use code)	https://exler.es/aliexpress/delimsya-nahodkami-iz-kitajskih-magazinov-134.htm	https://portals.aliexpress.com/affiportals/web/ad_center.htm?#activeKey=featuredProducts&tracelog=rowan&rowan_id1=affnl_1_en_US_2023-06-12&rowan_msg_id=a27a8203473e4bcf95a61c2189a2b012&ck=in_edm_other	unreviewed_link_not_product
5314	2023-06-04 11:42:00	0	хабы для ноутбуков	https://exler.es/aliexpress/delimsya-nahodkami-iz-kitajskih-magazinov-133.htm	https://alli.pub/6prwda	unreviewed_link_not_product
5314	2023-06-04 11:42:00	1	металлические запасные язычки для молнии	https://exler.es/aliexpress/delimsya-nahodkami-iz-kitajskih-magazinov-133.htm	https://alli.pub/6prw88	unreviewed_link_not_product
5314	2023-06-04 11:42:00	2	внешний аккумулятор Usams на 10000 мАч	https://exler.es/aliexpress/delimsya-nahodkami-iz-kitajskih-magazinov-133.htm	https://alli.pub/6prwv6	unreviewed_link_not_product
5314	2023-06-04 11:42:00	2	вот такой вариант на 30000 мАч	https://exler.es/aliexpress/delimsya-nahodkami-iz-kitajskih-magazinov-133.htm	https://alli.pub/6prxt7	unreviewed_link_not_product
5314	2023-06-04 11:42:00	3	декоративные тарелки в японском стиле	https://exler.es/aliexpress/delimsya-nahodkami-iz-kitajskih-magazinov-133.htm	https://alli.pub/6pryes	unreviewed_link_not_product
5314	2023-06-04 11:42:00	4	прикольную штуку выпустили	https://exler.es/aliexpress/delimsya-nahodkami-iz-kitajskih-magazinov-133.htm	https://alli.pub/6pry5u	unreviewed_link_not_product
5314	2023-06-04 11:42:00	5	вот новая моделька	https://exler.es/aliexpress/delimsya-nahodkami-iz-kitajskih-magazinov-133.htm	https://alli.pub/6pryle	unreviewed_link_not_product
5314	2023-06-04 11:42:00	6	Azdome GS63H	https://exler.es/aliexpress/delimsya-nahodkami-iz-kitajskih-magazinov-133.htm	https://alli.pub/6pryq9	unreviewed_link_not_product
5314	2023-06-04 11:42:00	7	сенсор протечки воды от Xiaomi	https://exler.es/aliexpress/delimsya-nahodkami-iz-kitajskih-magazinov-133.htm	https://alli.pub/6przp9	unreviewed_link_not_product
5314	2023-06-04 11:42:00	8	Amazfit GTR 3 можно купить за €152	https://exler.es/aliexpress/delimsya-nahodkami-iz-kitajskih-magazinov-133.htm	https://alli.pub/6prxyu	unreviewed_link_not_product
5314	2023-06-04 11:42:00	8	аж €277	https://exler.es/aliexpress/delimsya-nahodkami-iz-kitajskih-magazinov-133.htm	https://alli.pub/6pry1k	unreviewed_link_not_product
5314	2023-06-04 11:42:00	9	автоматическую центрифугу	https://exler.es/aliexpress/delimsya-nahodkami-iz-kitajskih-magazinov-133.htm	https://alli.pub/6przu4	unreviewed_link_not_product
5363	2023-05-28 09:00:00	0	Wi-Fi-роутер KuWfi для мобильного Интернета	https://exler.es/aliexpress/delimsya-nahodkami-iz-kitajskih-magazinov-132.htm	http://alli.pub/6pkh5j	unreviewed_link_not_product
5363	2023-05-28 09:00:00	1	Датчик температуры и влажности Tuya	https://exler.es/aliexpress/delimsya-nahodkami-iz-kitajskih-magazinov-132.htm	http://alli.pub/6pkhir	unreviewed_link_not_product
5363	2023-05-28 09:00:00	2	четырехпортовый компактный хаб USB3.0	https://exler.es/aliexpress/delimsya-nahodkami-iz-kitajskih-magazinov-132.htm	http://alli.pub/6pkuh1	unreviewed_link_not_product
5363	2023-05-28 09:00:00	3	недорогие сандалеты подобного типа	https://exler.es/aliexpress/delimsya-nahodkami-iz-kitajskih-magazinov-132.htm	http://alli.pub/6pkhuf	unreviewed_link_not_product
5363	2023-05-28 09:00:00	4	кабель 13 см	https://exler.es/aliexpress/delimsya-nahodkami-iz-kitajskih-magazinov-132.htm	http://alli.pub/6pki20	unreviewed_link_not_product
5363	2023-05-28 09:00:00	5	защитных чехлов	https://exler.es/aliexpress/delimsya-nahodkami-iz-kitajskih-magazinov-132.htm	http://alli.pub/6pki45	unreviewed_link_not_product
5363	2023-05-28 09:00:00	6	Мужские футболки из 100% хлопка	https://exler.es/aliexpress/delimsya-nahodkami-iz-kitajskih-magazinov-132.htm	http://alli.pub/6pkibx	unreviewed_link_not_product
5363	2023-05-28 09:00:00	7	стаканы в японском стиле неправильной формы	https://exler.es/aliexpress/delimsya-nahodkami-iz-kitajskih-magazinov-132.htm	http://alli.pub/6pkigz	unreviewed_link_not_product
5363	2023-05-28 09:00:00	8	подставка под монитор с четырьмя USB-портами и беспроводной зарядкой	https://exler.es/aliexpress/delimsya-nahodkami-iz-kitajskih-magazinov-132.htm	http://alli.pub/6pktwf	unreviewed_link_not_product
5363	2023-05-28 09:00:00	9	сумка холодильник в виде рюкзака	https://exler.es/aliexpress/delimsya-nahodkami-iz-kitajskih-magazinov-132.htm	http://alli.pub/6pku8a	unreviewed_link_not_product
5412	2023-05-21 09:00:00	1	там он стоит 13 евро	https://exler.es/aliexpress/delimsya-nahodkami-iz-kitajskih-magazinov-131.htm	https://www.amazon.es/Keyboard-Herramienta-Auriculares-MultifunciГіn-Extractor/dp/B0BCF92W8Q/ref=mp_s_a_1_18?crid=2B7ZX8IMGFJGQ&keywords=Cleaning&qid=1684579377&sprefix=cleaning%2Caps%2C114&sr=8-18	unreviewed_link_not_product
5412	2023-05-21 09:00:00	4	одна ссылка	https://exler.es/aliexpress/delimsya-nahodkami-iz-kitajskih-magazinov-131.htm	https://alli.pub/6pckyn	unreviewed_link_not_product
5458	2023-05-14 08:00:00	0	тройники и удлинители	https://exler.es/aliexpress/delimsya-nahodkami-iz-kitajskih-magazinov-130.htm	https://alli.pub/6p48kt	unreviewed_link_not_product
5458	2023-05-14 08:00:00	1	сумка-органайзер	https://exler.es/aliexpress/delimsya-nahodkami-iz-kitajskih-magazinov-130.htm	https://alli.pub/6p4843	unreviewed_link_not_product
5458	2023-05-14 08:00:00	2	QSHAVE Black Spider	https://exler.es/aliexpress/delimsya-nahodkami-iz-kitajskih-magazinov-130.htm	https://alli.pub/6p4i0p	unreviewed_link_not_product
5458	2023-05-14 08:00:00	3	мужские хлопковые рубашки различных цветов	https://exler.es/aliexpress/delimsya-nahodkami-iz-kitajskih-magazinov-130.htm	https://alli.pub/6p4ii7	unreviewed_link_not_product
5458	2023-05-14 08:00:00	4	Lenovo HE05 Pro	https://exler.es/aliexpress/delimsya-nahodkami-iz-kitajskih-magazinov-130.htm	https://alli.pub/6p4jcq	unreviewed_link_not_product
5458	2023-05-14 08:00:00	6	деревянную мерную ложечку	https://exler.es/aliexpress/delimsya-nahodkami-iz-kitajskih-magazinov-130.htm	https://alli.pub/6p4lco	unreviewed_link_not_product
5458	2023-05-14 08:00:00	7	настольная лампа	https://exler.es/aliexpress/delimsya-nahodkami-iz-kitajskih-magazinov-130.htm	https://alli.pub/6p4jpk	unreviewed_link_not_product
5458	2023-05-14 08:00:00	8	"Сборная модель ""Титаника"""	https://exler.es/aliexpress/delimsya-nahodkami-iz-kitajskih-magazinov-130.htm	https://alli.pub/6p4jxj	unreviewed_link_not_product
5458	2023-05-14 08:00:00	9	вакуумными пакетами с клапаном	https://exler.es/aliexpress/delimsya-nahodkami-iz-kitajskih-magazinov-130.htm	https://alli.pub/6p4k2s	unreviewed_link_not_product
5458	2023-05-14 08:00:00	10	BlitzWolf Selfie Stick Tripod	https://exler.es/aliexpress/delimsya-nahodkami-iz-kitajskih-magazinov-130.htm	https://alli.pub/6p4lzt	unreviewed_link_not_product
5502	2023-05-07 13:41:00	0	камера видеонаблюдения Reolink E1 Pro	https://exler.es/aliexpress/delimsya-nahodkami-iz-kitajskih-magazinov-129.htm	https://alli.pub/6ox483	unreviewed_link_not_product
5502	2023-05-07 13:41:00	1	Симпатичные часы-будильник	https://exler.es/aliexpress/delimsya-nahodkami-iz-kitajskih-magazinov-129.htm	https://alli.pub/6ox4p7	unreviewed_link_not_product
5502	2023-05-07 13:41:00	2	коврики для мыши с RGB-подсветкой	https://exler.es/aliexpress/delimsya-nahodkami-iz-kitajskih-magazinov-129.htm	https://alli.pub/6ox663	unreviewed_link_not_product
5502	2023-05-07 13:41:00	3	вот такие стальные чашки	https://exler.es/aliexpress/delimsya-nahodkami-iz-kitajskih-magazinov-129.htm	https://alli.pub/6ox6d3	unreviewed_link_not_product
5502	2023-05-07 13:41:00	3	кружка для автолюбителей	https://exler.es/aliexpress/delimsya-nahodkami-iz-kitajskih-magazinov-129.htm	https://alli.pub/6ox6f8	unreviewed_link_not_product
5502	2023-05-07 13:41:00	3	сердитая груша	https://exler.es/aliexpress/delimsya-nahodkami-iz-kitajskih-magazinov-129.htm	https://alli.pub/6ox6hd	unreviewed_link_not_product
5502	2023-05-07 13:41:00	4	Непромокаемый рюкзак Bange	https://exler.es/aliexpress/delimsya-nahodkami-iz-kitajskih-magazinov-129.htm	https://alli.pub/6ox6mt	unreviewed_link_not_product
5502	2023-05-07 13:41:00	5	вертикальных удлинителей TESSAN	https://exler.es/aliexpress/delimsya-nahodkami-iz-kitajskih-magazinov-129.htm	https://alli.pub/6ox78l	unreviewed_link_not_product
5502	2023-05-07 13:41:00	6	контейнер с резаком	https://exler.es/aliexpress/delimsya-nahodkami-iz-kitajskih-magazinov-129.htm	https://alli.pub/6ox9vh	unreviewed_link_not_product
5502	2023-05-07 13:41:00	7	Набор для барбекю	https://exler.es/aliexpress/delimsya-nahodkami-iz-kitajskih-magazinov-129.htm	https://alli.pub/6oxa2o	unreviewed_link_not_product
5502	2023-05-07 13:41:00	8	кухонный таймер	https://exler.es/aliexpress/delimsya-nahodkami-iz-kitajskih-magazinov-129.htm	https://alli.pub/6oxajz	unreviewed_link_not_product
5502	2023-05-07 13:41:00	9	наклеиваемого держателя/фиксатора для провода	https://exler.es/aliexpress/delimsya-nahodkami-iz-kitajskih-magazinov-129.htm	https://alli.pub/6oxap8	unreviewed_link_not_product
5549	2023-04-30 12:24:00	0	вот такую симпатичную флешку от Orico	https://exler.es/aliexpress/delimsya-nahodkami-iz-kitajskih-magazinov-128.htm	https://alli.pub/6opgze	unreviewed_link_not_product
5549	2023-04-30 12:24:00	1	вот такую	https://exler.es/aliexpress/delimsya-nahodkami-iz-kitajskih-magazinov-128.htm	https://alli.pub/6opn16	unreviewed_link_not_product
5549	2023-04-30 12:24:00	1	вот такая модель	https://exler.es/aliexpress/delimsya-nahodkami-iz-kitajskih-magazinov-128.htm	https://alli.pub/6opn2c	unreviewed_link_not_product
5549	2023-04-30 12:24:00	2	Металлические стеллажи	https://exler.es/aliexpress/delimsya-nahodkami-iz-kitajskih-magazinov-128.htm	https://alli.pub/6opiyd	unreviewed_link_not_product
5549	2023-04-30 12:24:00	3	BlackView Tab 16	https://exler.es/aliexpress/delimsya-nahodkami-iz-kitajskih-magazinov-128.htm	https://alli.pub/6ophsr	unreviewed_link_not_product
5549	2023-04-30 12:24:00	4	Автоматическая поилка на 1,5 литра	https://exler.es/aliexpress/delimsya-nahodkami-iz-kitajskih-magazinov-128.htm	https://alli.pub/6opino	unreviewed_link_not_product
5549	2023-04-30 12:24:00	5	Сумка для ноутбука	https://exler.es/aliexpress/delimsya-nahodkami-iz-kitajskih-magazinov-128.htm	https://alli.pub/6opivn	unreviewed_link_not_product
5549	2023-04-30 12:24:00	6	удобный деревянный поднос	https://exler.es/aliexpress/delimsya-nahodkami-iz-kitajskih-magazinov-128.htm	https://alli.pub/6opjam	unreviewed_link_not_product
5549	2023-04-30 12:24:00	7	вот такой вариант	https://exler.es/aliexpress/delimsya-nahodkami-iz-kitajskih-magazinov-128.htm	https://alli.pub/6opjnu	unreviewed_link_not_product
5549	2023-04-30 12:24:00	8	хлопковые спортивные носки разных цветов	https://exler.es/aliexpress/delimsya-nahodkami-iz-kitajskih-magazinov-128.htm	https://alli.pub/6opkcj	unreviewed_link_not_product
5549	2023-04-30 12:24:00	9	деревянные стойки для наушников	https://exler.es/aliexpress/delimsya-nahodkami-iz-kitajskih-magazinov-128.htm	https://alli.pub/6opkk4	unreviewed_link_not_product
5549	2023-04-30 12:24:00	9	вот такого держателя	https://exler.es/aliexpress/delimsya-nahodkami-iz-kitajskih-magazinov-128.htm	https://alli.pub/6kmdbd	unreviewed_link_not_product
5549	2023-04-30 12:24:00	9	вот этот	https://exler.es/aliexpress/delimsya-nahodkami-iz-kitajskih-magazinov-128.htm	https://alli.pub/6kmdj5	unreviewed_link_not_product
5586	2023-04-23 08:00:00	0	KUULAA Mini Power Bank	https://exler.es/aliexpress/delimsya-nahodkami-iz-kitajskih-magazinov-127.htm	https://alli.pub/6ogiym	unreviewed_link_not_product
5586	2023-04-23 08:00:00	1	Deerma XS100	https://exler.es/aliexpress/delimsya-nahodkami-iz-kitajskih-magazinov-127.htm	https://alli.pub/6oghrg	unreviewed_link_not_product
5586	2023-04-23 08:00:00	2	кабели для зарядки с магнитной головкой	https://exler.es/aliexpress/delimsya-nahodkami-iz-kitajskih-magazinov-127.htm	https://alli.pub/6ogisl	unreviewed_link_not_product
5586	2023-04-23 08:00:00	3	Anker Soundcore Life P3	https://exler.es/aliexpress/delimsya-nahodkami-iz-kitajskih-magazinov-127.htm	https://alli.pub/6oghoj	unreviewed_link_not_product
5586	2023-04-23 08:00:00	4	прозрачные ящики для обуви	https://exler.es/aliexpress/delimsya-nahodkami-iz-kitajskih-magazinov-127.htm	https://alli.pub/6oghf7	unreviewed_link_not_product
5586	2023-04-23 08:00:00	5	огнеупорные пакеты	https://exler.es/aliexpress/delimsya-nahodkami-iz-kitajskih-magazinov-127.htm	https://alli.pub/6oghvj	unreviewed_link_not_product
5586	2023-04-23 08:00:00	6	Настольная лампа	https://exler.es/aliexpress/delimsya-nahodkami-iz-kitajskih-magazinov-127.htm	https://alli.pub/6ogi1k	unreviewed_link_not_product
5586	2023-04-23 08:00:00	7	мультитул на основе пассатижей	https://exler.es/aliexpress/delimsya-nahodkami-iz-kitajskih-magazinov-127.htm	https://alli.pub/6ogiab	unreviewed_link_not_product
5586	2023-04-23 08:00:00	8	кнопку-антистресс Enter	https://exler.es/aliexpress/delimsya-nahodkami-iz-kitajskih-magazinov-127.htm	https://alli.pub/6ogidf	unreviewed_link_not_product
5586	2023-04-23 08:00:00	9	Левитирующие растения	https://exler.es/aliexpress/delimsya-nahodkami-iz-kitajskih-magazinov-127.htm	https://alli.pub/6ogjmj	unreviewed_link_not_product
5612	2023-04-16 09:00:00	0	GaN-адаптер Ugreeen на 65 ватт	https://exler.es/aliexpress/delimsya-nahodkami-iz-kitajskih-magazinov-126.htm	https://alli.pub/6o8q0s	unreviewed_link_not_product
5612	2023-04-16 09:00:00	1	Мультитул на основе пассатижей	https://exler.es/aliexpress/delimsya-nahodkami-iz-kitajskih-magazinov-126.htm	https://alli.pub/6o8nza	unreviewed_link_not_product
5612	2023-04-16 09:00:00	2	Забавная керамическая чашка	https://exler.es/aliexpress/delimsya-nahodkami-iz-kitajskih-magazinov-126.htm	https://alli.pub/6o8oar	unreviewed_link_not_product
5612	2023-04-16 09:00:00	3	специальные сетчатые контейнеры	https://exler.es/aliexpress/delimsya-nahodkami-iz-kitajskih-magazinov-126.htm	https://alli.pub/6o8ohk	unreviewed_link_not_product
5612	2023-04-16 09:00:00	4	USB-хаб от Orico	https://exler.es/aliexpress/delimsya-nahodkami-iz-kitajskih-magazinov-126.htm	https://alli.pub/6o8p2r	unreviewed_link_not_product
5612	2023-04-16 09:00:00	5	внешний SSD от KingFast	https://exler.es/aliexpress/delimsya-nahodkami-iz-kitajskih-magazinov-126.htm	https://alli.pub/6o8phc	unreviewed_link_not_product
5612	2023-04-16 09:00:00	6	вибрационные зубные щетки	https://exler.es/aliexpress/delimsya-nahodkami-iz-kitajskih-magazinov-126.htm	https://alli.pub/6o934w	unreviewed_link_not_product
5612	2023-04-16 09:00:00	7	салфетки из микрофибры	https://exler.es/aliexpress/delimsya-nahodkami-iz-kitajskih-magazinov-126.htm	https://alli.pub/6o94le	unreviewed_link_not_product
5612	2023-04-16 09:00:00	8	сверхкомпактный складной табурет	https://exler.es/aliexpress/delimsya-nahodkami-iz-kitajskih-magazinov-126.htm	https://alli.pub/6o94q9	unreviewed_link_not_product
5612	2023-04-16 09:00:00	8	телескопический пластиковый табурет	https://exler.es/aliexpress/delimsya-nahodkami-iz-kitajskih-magazinov-126.htm	https://alli.pub/6o94y1	unreviewed_link_not_product
5612	2023-04-16 09:00:00	8	одноногая телескопическая сидушка	https://exler.es/aliexpress/delimsya-nahodkami-iz-kitajskih-magazinov-126.htm	https://alli.pub/6o94zl	unreviewed_link_not_product
5656	2023-04-09 10:00:00	0	Xiaomi Fan Festival	https://exler.es/aliexpress/delimsya-nahodkami-iz-kitajskih-magazinov-125.htm	https://alli.pub/6o0wjw	unreviewed_link_not_product
5656	2023-04-09 10:00:00	0	Xiaomi Mi TV Box S 2nd Gen 4K	https://exler.es/aliexpress/delimsya-nahodkami-iz-kitajskih-magazinov-125.htm	https://alli.pub/6o0wm8	unreviewed_link_not_product
5656	2023-04-09 10:00:00	0	Redmi Watch 3	https://exler.es/aliexpress/delimsya-nahodkami-iz-kitajskih-magazinov-125.htm	https://alli.pub/6o0wne	unreviewed_link_not_product
5656	2023-04-09 10:00:00	1	универсальных органайзеров	https://exler.es/aliexpress/delimsya-nahodkami-iz-kitajskih-magazinov-125.htm	https://alli.pub/6o0wzn	unreviewed_link_not_product
5656	2023-04-09 10:00:00	1	закрывающихся органайзеров	https://exler.es/aliexpress/delimsya-nahodkami-iz-kitajskih-magazinov-125.htm	https://alli.pub/6o0yb3	unreviewed_link_not_product
5656	2023-04-09 10:00:00	2	магнитная пластиковая накладка	https://exler.es/aliexpress/delimsya-nahodkami-iz-kitajskih-magazinov-125.htm	https://alli.pub/6o0yel	unreviewed_link_not_product
5656	2023-04-09 10:00:00	2	магнитная доска для записей с календарем	https://exler.es/aliexpress/delimsya-nahodkami-iz-kitajskih-magazinov-125.htm	https://alli.pub/6o0yhi	unreviewed_link_not_product
5656	2023-04-09 10:00:00	3	подставка-держатель	https://exler.es/aliexpress/delimsya-nahodkami-iz-kitajskih-magazinov-125.htm	https://alli.pub/6o0ynx	unreviewed_link_not_product
5656	2023-04-09 10:00:00	4	Lenovo HE05X	https://exler.es/aliexpress/delimsya-nahodkami-iz-kitajskih-magazinov-125.htm	https://alli.pub/6o0ywa	unreviewed_link_not_product
5656	2023-04-09 10:00:00	5	дешевые мышки различных цветов	https://exler.es/aliexpress/delimsya-nahodkami-iz-kitajskih-magazinov-125.htm	https://alli.pub/6o0z0d	unreviewed_link_not_product
5656	2023-04-09 10:00:00	6	Домашние тапки	https://exler.es/aliexpress/delimsya-nahodkami-iz-kitajskih-magazinov-125.htm	https://alli.pub/6o118o	unreviewed_link_not_product
5656	2023-04-09 10:00:00	7	электрическая зубная щетка	https://exler.es/aliexpress/delimsya-nahodkami-iz-kitajskih-magazinov-125.htm	https://alli.pub/6o11ck	unreviewed_link_not_product
5697	2023-04-02 08:43:00	0	органайзеры для кабелей от Orico	https://exler.es/aliexpress/delimsya-nahodkami-iz-kitajskih-magazinov-124.htm	https://alli.pub/6ntm3u	unreviewed_link_not_product
5697	2023-04-02 08:43:00	1	зонтик от солнца	https://exler.es/aliexpress/delimsya-nahodkami-iz-kitajskih-magazinov-124.htm	https://alli.pub/6nsqm8	unreviewed_link_not_product
5697	2023-04-02 08:43:00	2	пароочиститель Deerma DEM ZQ610	https://exler.es/aliexpress/delimsya-nahodkami-iz-kitajskih-magazinov-124.htm	https://alli.pub/6nsqtt	unreviewed_link_not_product
5697	2023-04-02 08:43:00	3	"устройство ""5 в 1"""	https://exler.es/aliexpress/delimsya-nahodkami-iz-kitajskih-magazinov-124.htm	https://alli.pub/6nt8vu	unreviewed_link_not_product
5697	2023-04-02 08:43:00	4	Amazfit GTR 2	https://exler.es/aliexpress/delimsya-nahodkami-iz-kitajskih-magazinov-124.htm	https://alli.pub/6nt992	unreviewed_link_not_product
5697	2023-04-02 08:43:00	4	вот здесь	https://exler.es/aliexpress/delimsya-nahodkami-iz-kitajskih-magazinov-124.htm	https://www.aliexpress.com/item/1005001631073408.html	unreviewed_link_not_product
5697	2023-04-02 08:43:00	4	стоит €188	https://exler.es/aliexpress/delimsya-nahodkami-iz-kitajskih-magazinov-124.htm	https://alli.pub/6nt9e4	unreviewed_link_not_product
5697	2023-04-02 08:43:00	5	бумажники-бифолды из экокожи	https://exler.es/aliexpress/delimsya-nahodkami-iz-kitajskih-magazinov-124.htm	https://alli.pub/6nt9ht	unreviewed_link_not_product
5697	2023-04-02 08:43:00	6	удлинители для кабелей USB 2.0 и 3.0	https://exler.es/aliexpress/delimsya-nahodkami-iz-kitajskih-magazinov-124.htm	https://alli.pub/6nt9wl	unreviewed_link_not_product
5697	2023-04-02 08:43:00	7	держатель для планшета	https://exler.es/aliexpress/delimsya-nahodkami-iz-kitajskih-magazinov-124.htm	https://alli.pub/6ntcgr	unreviewed_link_not_product
5697	2023-04-02 08:43:00	8	тестер для батареек/аккумуляторов	https://exler.es/aliexpress/delimsya-nahodkami-iz-kitajskih-magazinov-124.htm	https://alli.pub/6ntco5	unreviewed_link_not_product
5697	2023-04-02 08:43:00	9	нейлоновых ремней	https://exler.es/aliexpress/delimsya-nahodkami-iz-kitajskih-magazinov-124.htm	https://alli.pub/6ntluw	unreviewed_link_not_product
5746	2023-03-26 08:00:00	0	SATA-адаптер UGREEN	https://exler.es/aliexpress/delimsya-nahodkami-iz-kitajskih-magazinov-123.htm	https://alli.pub/6nkyj4	unreviewed_link_not_product
5746	2023-03-26 08:00:00	1	протирка для экранов смартфонов/планшетов	https://exler.es/aliexpress/delimsya-nahodkami-iz-kitajskih-magazinov-123.htm	https://alli.pub/6nkhfw	unreviewed_link_not_product
5746	2023-03-26 08:00:00	2	"Мультитул ""30 в 1"""	https://exler.es/aliexpress/delimsya-nahodkami-iz-kitajskih-magazinov-123.htm	https://alli.pub/6nkuha	unreviewed_link_not_product
5746	2023-03-26 08:00:00	3	вот такого типа	https://exler.es/aliexpress/delimsya-nahodkami-iz-kitajskih-magazinov-123.htm	https://alli.pub/6nkuvh	unreviewed_link_not_product
5746	2023-03-26 08:00:00	4	Непромокаемый легкий рюкзачок	https://exler.es/aliexpress/delimsya-nahodkami-iz-kitajskih-magazinov-123.htm	https://alli.pub/6nkvc0	unreviewed_link_not_product
5746	2023-03-26 08:00:00	5	Плед-покрывало	https://exler.es/aliexpress/delimsya-nahodkami-iz-kitajskih-magazinov-123.htm	https://alli.pub/6nkvs5	unreviewed_link_not_product
5746	2023-03-26 08:00:00	6	декантер-аэратор для красного вина	https://exler.es/aliexpress/delimsya-nahodkami-iz-kitajskih-magazinov-123.htm	https://alli.pub/6nkvwf	unreviewed_link_not_product
5746	2023-03-26 08:00:00	7	"универсальный кабель для зарядки ""3 в 1"""	https://exler.es/aliexpress/delimsya-nahodkami-iz-kitajskih-magazinov-123.htm	https://alli.pub/6nkw3m	unreviewed_link_not_product
5746	2023-03-26 08:00:00	8	эргономичная мышка	https://exler.es/aliexpress/delimsya-nahodkami-iz-kitajskih-magazinov-123.htm	https://alli.pub/6nkwof	unreviewed_link_not_product
5746	2023-03-26 08:00:00	9	автоматический реверсивный (вода при складывании остается внутри) зонтик	https://exler.es/aliexpress/delimsya-nahodkami-iz-kitajskih-magazinov-123.htm	https://alli.pub/6nkwyc	unreviewed_link_not_product
5746	2023-03-26 08:00:00	10	наушники Lenovo TH40	https://exler.es/aliexpress/delimsya-nahodkami-iz-kitajskih-magazinov-123.htm	https://alli.pub/6nkybc	unreviewed_link_not_product
5793	2023-03-19 09:00:00	0	зарядные GaN адаптеры Essager	https://exler.es/aliexpress/delimsya-nahodkami-iz-kitajskih-magazinov-122.htm	https://alli.pub/6nadlc	unreviewed_link_not_product
5793	2023-03-19 09:00:00	0	трехпортовый универсальный GaN адаптер на 65 ватт	https://exler.es/aliexpress/delimsya-nahodkami-iz-kitajskih-magazinov-122.htm	https://alli.pub/6naee4	unreviewed_link_not_product
5793	2023-03-19 09:00:00	1	чехлы для электронных 6-дюймовых ридеров в винтажном стиле	https://exler.es/aliexpress/delimsya-nahodkami-iz-kitajskih-magazinov-122.htm	https://alli.pub/6naeo1	unreviewed_link_not_product
5793	2023-03-19 09:00:00	2	Недорогая беспроводная камера видеонаблюдения	https://exler.es/aliexpress/delimsya-nahodkami-iz-kitajskih-magazinov-122.htm	https://alli.pub/6naeta	unreviewed_link_not_product
5793	2023-03-19 09:00:00	3	Oclean X Pro Elite	https://exler.es/aliexpress/delimsya-nahodkami-iz-kitajskih-magazinov-122.htm	https://alli.pub/6naezb	unreviewed_link_not_product
5793	2023-03-19 09:00:00	4	беспроводной многофункциональный светильник	https://exler.es/aliexpress/delimsya-nahodkami-iz-kitajskih-magazinov-122.htm	https://alli.pub/6naf4y	unreviewed_link_not_product
5793	2023-03-19 09:00:00	5	холщовый рюкзак	https://exler.es/aliexpress/delimsya-nahodkami-iz-kitajskih-magazinov-122.htm	https://alli.pub/6nafcx	unreviewed_link_not_product
5793	2023-03-19 09:00:00	6	многофункциональных док-станций Orico	https://exler.es/aliexpress/delimsya-nahodkami-iz-kitajskih-magazinov-122.htm	https://alli.pub/6nafg1	unreviewed_link_not_product
5793	2023-03-19 09:00:00	7	флисовые кофты	https://exler.es/aliexpress/delimsya-nahodkami-iz-kitajskih-magazinov-122.htm	https://alli.pub/6nafpr	unreviewed_link_not_product
5793	2023-03-19 09:00:00	8	держатель для зонтов с емкостью для сбора влаги	https://exler.es/aliexpress/delimsya-nahodkami-iz-kitajskih-magazinov-122.htm	https://alli.pub/6nafuf	unreviewed_link_not_product
5793	2023-03-19 09:00:00	9	Алюминиевый мусорный контейнер для автомобиля	https://exler.es/aliexpress/delimsya-nahodkami-iz-kitajskih-magazinov-122.htm	https://alli.pub/6nag4c	unreviewed_link_not_product
5822	2023-03-12 08:00:00	0	Охота на тренды	https://exler.es/aliexpress/delimsya-nahodkami-iz-kitajskih-magazinov-121.htm	https://alli.pub/6myro0	unreviewed_link_not_product
5822	2023-03-12 08:00:00	1	Внешний аккумулятор Remax	https://exler.es/aliexpress/delimsya-nahodkami-iz-kitajskih-magazinov-121.htm	https://alli.pub/6mys1f	unreviewed_link_not_product
5822	2023-03-12 08:00:00	2	Набор автомобильных антизапотевательных пленок	https://exler.es/aliexpress/delimsya-nahodkami-iz-kitajskih-magazinov-121.htm	https://alli.pub/6mzmai	unreviewed_link_not_product
5822	2023-03-12 08:00:00	3	ночной светильник	https://exler.es/aliexpress/delimsya-nahodkami-iz-kitajskih-magazinov-121.htm	https://alli.pub/6mzjg1	unreviewed_link_not_product
5822	2023-03-12 08:00:00	4	Wi-Fi-адаптер, он же усилитель сигнала	https://exler.es/aliexpress/delimsya-nahodkami-iz-kitajskih-magazinov-121.htm	https://alli.pub/6mzn8c	unreviewed_link_not_product
5822	2023-03-12 08:00:00	5	крутые наборы для барбекю	https://exler.es/aliexpress/delimsya-nahodkami-iz-kitajskih-magazinov-121.htm	https://alli.pub/6mzjtu	unreviewed_link_not_product
5822	2023-03-12 08:00:00	6	Самолет с радиоуправлением	https://exler.es/aliexpress/delimsya-nahodkami-iz-kitajskih-magazinov-121.htm	https://alli.pub/6mzmxg	unreviewed_link_not_product
5822	2023-03-12 08:00:00	7	Недорогие пушистые круглые коврики	https://exler.es/aliexpress/delimsya-nahodkami-iz-kitajskih-magazinov-121.htm	https://alli.pub/6mzk4q	unreviewed_link_not_product
5822	2023-03-12 08:00:00	8	насадка на кран	https://exler.es/aliexpress/delimsya-nahodkami-iz-kitajskih-magazinov-121.htm	https://alli.pub/6mzkix	unreviewed_link_not_product
5822	2023-03-12 08:00:00	9	Sofirn SC31 Pro	https://exler.es/aliexpress/delimsya-nahodkami-iz-kitajskih-magazinov-121.htm	https://alli.pub/6mzkue	unreviewed_link_not_product
5822	2023-03-12 08:00:00	10	беспроводные полноформатные наушники Baseus Encok D02 Pro	https://exler.es/aliexpress/delimsya-nahodkami-iz-kitajskih-magazinov-121.htm	https://alli.pub/6mzlfl	unreviewed_link_not_product
5822	2023-03-12 08:00:00	11	Xiaomi MIIIW	https://exler.es/aliexpress/delimsya-nahodkami-iz-kitajskih-magazinov-121.htm	https://alli.pub/6mzm0e	unreviewed_link_not_product
5822	2023-03-12 08:00:00	12	Наборы для извлечения винтов с сорванной головкой	https://exler.es/aliexpress/delimsya-nahodkami-iz-kitajskih-magazinov-121.htm	https://alli.pub/6mzmiv	unreviewed_link_not_product
5822	2023-03-12 08:00:00	13	щетка/губка с диспенсером моющего средства	https://exler.es/aliexpress/delimsya-nahodkami-iz-kitajskih-magazinov-121.htm	https://alli.pub/6mzn4n	unreviewed_link_not_product
5859	2023-03-05 08:00:00	0	KingDian	https://exler.es/aliexpress/delimsya-nahodkami-iz-kitajskih-magazinov-120.htm	https://alli.pub/6mqgdu	unreviewed_link_not_product
5859	2023-03-05 08:00:00	1	адаптер Toocki на два порта	https://exler.es/aliexpress/delimsya-nahodkami-iz-kitajskih-magazinov-120.htm	https://alli.pub/6mqii2	unreviewed_link_not_product
5859	2023-03-05 08:00:00	1	мощный четырехпортовик	https://exler.es/aliexpress/delimsya-nahodkami-iz-kitajskih-magazinov-120.htm	https://alli.pub/6mqimq	unreviewed_link_not_product
5859	2023-03-05 08:00:00	2	MC N8 Adjustable Portable Laptop Stand	https://exler.es/aliexpress/delimsya-nahodkami-iz-kitajskih-magazinov-120.htm	https://alli.pub/6mqji1	unreviewed_link_not_product
5859	2023-03-05 08:00:00	3	North Edge APACHE	https://exler.es/aliexpress/delimsya-nahodkami-iz-kitajskih-magazinov-120.htm	https://alli.pub/6mpx8x	unreviewed_link_not_product
5859	2023-03-05 08:00:00	4	удлинители	https://exler.es/aliexpress/delimsya-nahodkami-iz-kitajskih-magazinov-120.htm	https://alli.pub/6mqepy	unreviewed_link_not_product
5859	2023-03-05 08:00:00	5	стальная кружка	https://exler.es/aliexpress/delimsya-nahodkami-iz-kitajskih-magazinov-120.htm	https://alli.pub/6mqf90	unreviewed_link_not_product
5859	2023-03-05 08:00:00	6	"устройство ""2 в 1"""	https://exler.es/aliexpress/delimsya-nahodkami-iz-kitajskih-magazinov-120.htm	https://alli.pub/6mqiwu	unreviewed_link_not_product
5859	2023-03-05 08:00:00	7	SOG PP1001	https://exler.es/aliexpress/delimsya-nahodkami-iz-kitajskih-magazinov-120.htm	https://alli.pub/6mqj9a	unreviewed_link_not_product
5859	2023-03-05 08:00:00	8	ящик для кабелей	https://exler.es/aliexpress/delimsya-nahodkami-iz-kitajskih-magazinov-120.htm	https://alli.pub/6mqjr6	unreviewed_link_not_product
5859	2023-03-05 08:00:00	9	Xiaomi Mijia S100	https://exler.es/aliexpress/delimsya-nahodkami-iz-kitajskih-magazinov-120.htm	https://alli.pub/6mqk04	unreviewed_link_not_product
5903	2023-02-26 08:00:00	0	USB-хаб для ноутбука на три порта	https://exler.es/aliexpress/delimsya-nahodkami-iz-kitajskih-magazinov-119.htm	https://alli.pub/6mg5d2	unreviewed_link_not_product
5903	2023-02-26 08:00:00	0	USB-хаб на три порта	https://exler.es/aliexpress/delimsya-nahodkami-iz-kitajskih-magazinov-119.htm	https://alli.pub/6mg5nr	unreviewed_link_not_product
5903	2023-02-26 08:00:00	0	тоже хороший вариант	https://exler.es/aliexpress/delimsya-nahodkami-iz-kitajskih-magazinov-119.htm	https://alli.pub/6mg5sf	unreviewed_link_not_product
5903	2023-02-26 08:00:00	1	Солевые AAA 40 штук	https://exler.es/aliexpress/delimsya-nahodkami-iz-kitajskih-magazinov-119.htm	https://alli.pub/6mg7lk	unreviewed_link_not_product
5903	2023-02-26 08:00:00	1	Солевые AA 40 штук	https://exler.es/aliexpress/delimsya-nahodkami-iz-kitajskih-magazinov-119.htm	https://alli.pub/6mg7ni	unreviewed_link_not_product
5903	2023-02-26 08:00:00	1	Щелочные AAA 20 штук	https://exler.es/aliexpress/delimsya-nahodkami-iz-kitajskih-magazinov-119.htm	https://alli.pub/6mg7pg	unreviewed_link_not_product
5903	2023-02-26 08:00:00	1	Щелочные AA 24 штуки	https://exler.es/aliexpress/delimsya-nahodkami-iz-kitajskih-magazinov-119.htm	https://alli.pub/6mg7qm	unreviewed_link_not_product
5903	2023-02-26 08:00:00	2	автоматических реверсивных зонтов	https://exler.es/aliexpress/delimsya-nahodkami-iz-kitajskih-magazinov-119.htm	https://alli.pub/6mg50t	unreviewed_link_not_product
5903	2023-02-26 08:00:00	3	домашние тапочки	https://exler.es/aliexpress/delimsya-nahodkami-iz-kitajskih-magazinov-119.htm	https://alli.pub/6mg86k	unreviewed_link_not_product
5903	2023-02-26 08:00:00	4	деревянные пазлы	https://exler.es/aliexpress/delimsya-nahodkami-iz-kitajskih-magazinov-119.htm	https://alli.pub/6mg4mf	unreviewed_link_not_product
5903	2023-02-26 08:00:00	5	теплых фланелевых пледов	https://exler.es/aliexpress/delimsya-nahodkami-iz-kitajskih-magazinov-119.htm	https://alli.pub/6mg839	unreviewed_link_not_product
5903	2023-02-26 08:00:00	6	Полуспортивные брюки в корейском стиле	https://exler.es/aliexpress/delimsya-nahodkami-iz-kitajskih-magazinov-119.htm	https://alli.pub/6mg8bm	unreviewed_link_not_product
5903	2023-02-26 08:00:00	7	Xiaomi Mijia Wowstick	https://exler.es/aliexpress/delimsya-nahodkami-iz-kitajskih-magazinov-119.htm	https://alli.pub/6mg9vf	unreviewed_link_not_product
5903	2023-02-26 08:00:00	8	Gollinio Sonic Electric	https://exler.es/aliexpress/delimsya-nahodkami-iz-kitajskih-magazinov-119.htm	https://alli.pub/6mga2f	unreviewed_link_not_product
5903	2023-02-26 08:00:00	8	SOOCAS X3U	https://exler.es/aliexpress/delimsya-nahodkami-iz-kitajskih-magazinov-119.htm	https://alli.pub/6mga7a	unreviewed_link_not_product
5947	2023-02-19 08:00:00	0	4-портовый USB-хаб	https://exler.es/aliexpress/delimsya-nahodkami-iz-kitajskih-magazinov-118.htm	https://alli.pub/6m6wvn	unreviewed_link_not_product
5947	2023-02-19 08:00:00	1	"Устройство ""3 в 1"" для автомобиля"	https://exler.es/aliexpress/delimsya-nahodkami-iz-kitajskih-magazinov-118.htm	https://alli.pub/6m6ctv	unreviewed_link_not_product
5947	2023-02-19 08:00:00	2	Несколько типов адаптеров Wi-Fi для ПК	https://exler.es/aliexpress/delimsya-nahodkami-iz-kitajskih-magazinov-118.htm	https://alli.pub/6m6cp0	unreviewed_link_not_product
5947	2023-02-19 08:00:00	3	"""лягушачья"" маска для сна"	https://exler.es/aliexpress/delimsya-nahodkami-iz-kitajskih-magazinov-118.htm	https://alli.pub/6m6ahv	unreviewed_link_not_product
5947	2023-02-19 08:00:00	4	Алмазная мозаика	https://exler.es/aliexpress/delimsya-nahodkami-iz-kitajskih-magazinov-118.htm	https://alli.pub/6m6b5z	unreviewed_link_not_product
5947	2023-02-19 08:00:00	5	"Устройство ""2 в 1"""	https://exler.es/aliexpress/delimsya-nahodkami-iz-kitajskih-magazinov-118.htm	https://alli.pub/6m6c0b	unreviewed_link_not_product
5947	2023-02-19 08:00:00	6	"кардридер ""2 в 1"" от Ugreen"	https://exler.es/aliexpress/delimsya-nahodkami-iz-kitajskih-magazinov-118.htm	https://alli.pub/6m6cjy	unreviewed_link_not_product
5947	2023-02-19 08:00:00	7	Xiaomi Redmi Buds 4 Pro	https://exler.es/aliexpress/delimsya-nahodkami-iz-kitajskih-magazinov-118.htm	https://alli.pub/6m6vds	unreviewed_link_not_product
5947	2023-02-19 08:00:00	8	Широкая, высокая и яркая настольная лампа	https://exler.es/aliexpress/delimsya-nahodkami-iz-kitajskih-magazinov-118.htm	https://alli.pub/6m6wry	unreviewed_link_not_product
5947	2023-02-19 08:00:00	9	Продвинутый удлинитель	https://exler.es/aliexpress/delimsya-nahodkami-iz-kitajskih-magazinov-118.htm	https://alli.pub/6m6x31	unreviewed_link_not_product
5993	2023-02-12 08:00:00	0	мужские кроссовки	https://exler.es/aliexpress/delimsya-nahodkami-iz-kitajskih-magazinov-117.htm	https://alli.pub/6lx8rb	unreviewed_link_not_product
5993	2023-02-12 08:00:00	1	интересная сумка для ноутбука	https://exler.es/aliexpress/delimsya-nahodkami-iz-kitajskih-magazinov-117.htm	https://alli.pub/6lxbt6	unreviewed_link_not_product
5993	2023-02-12 08:00:00	2	Подвеска на ошейник	https://exler.es/aliexpress/delimsya-nahodkami-iz-kitajskih-magazinov-117.htm	https://alli.pub/6lx9dh	unreviewed_link_not_product
5993	2023-02-12 08:00:00	3	маска для сна	https://exler.es/aliexpress/delimsya-nahodkami-iz-kitajskih-magazinov-117.htm	https://alli.pub/6lx9ij	unreviewed_link_not_product
5993	2023-02-12 08:00:00	3	затычками для ушей 3M 1100	https://exler.es/aliexpress/delimsya-nahodkami-iz-kitajskih-magazinov-117.htm	https://alli.pub/6lx9px	unreviewed_link_not_product
5993	2023-02-12 08:00:00	4	автомобильный адаптер	https://exler.es/aliexpress/delimsya-nahodkami-iz-kitajskih-magazinov-117.htm	https://alli.pub/6lxapb	unreviewed_link_not_product
5993	2023-02-12 08:00:00	5	вот этот вариант	https://exler.es/aliexpress/delimsya-nahodkami-iz-kitajskih-magazinov-117.htm	https://alli.pub/6lxbk8	unreviewed_link_not_product
5993	2023-02-12 08:00:00	6	дополнительная ручка на присосках для ванной	https://exler.es/aliexpress/delimsya-nahodkami-iz-kitajskih-magazinov-117.htm	https://alli.pub/6lxd8w	unreviewed_link_not_product
5993	2023-02-12 08:00:00	7	Продвинутый автоматический зонтик	https://exler.es/aliexpress/delimsya-nahodkami-iz-kitajskih-magazinov-117.htm	https://alli.pub/6lxdcs	unreviewed_link_not_product
5993	2023-02-12 08:00:00	8	Зимне-весенне-осенняя куртка	https://exler.es/aliexpress/delimsya-nahodkami-iz-kitajskih-magazinov-117.htm	https://alli.pub/6lxdj7	unreviewed_link_not_product
5993	2023-02-12 08:00:00	9	Circle Joy	https://exler.es/aliexpress/delimsya-nahodkami-iz-kitajskih-magazinov-117.htm	https://alli.pub/6lxdog	unreviewed_link_not_product
6032	2023-02-05 08:00:00	0	флешка	https://exler.es/aliexpress/delimsya-nahodkami-iz-kitajskih-magazinov-116.htm	https://alli.pub/6lmghv	unreviewed_link_not_product
6032	2023-02-05 08:00:00	1	фланелевое одеяло с подогревом	https://exler.es/aliexpress/delimsya-nahodkami-iz-kitajskih-magazinov-116.htm	https://alli.pub/6lmp83	unreviewed_link_not_product
6032	2023-02-05 08:00:00	2	целый мультитул	https://exler.es/aliexpress/delimsya-nahodkami-iz-kitajskih-magazinov-116.htm	https://alli.pub/6lmpps	unreviewed_link_not_product
6032	2023-02-05 08:00:00	3	Xiaomi Mijia T700	https://exler.es/aliexpress/delimsya-nahodkami-iz-kitajskih-magazinov-116.htm	https://alli.pub/6lmq19	unreviewed_link_not_product
6032	2023-02-05 08:00:00	4	флисовых свитеров на молнии	https://exler.es/aliexpress/delimsya-nahodkami-iz-kitajskih-magazinov-116.htm	https://alli.pub/6kvope	unreviewed_link_not_product
6032	2023-02-05 08:00:00	5	недорогая мышь	https://exler.es/aliexpress/delimsya-nahodkami-iz-kitajskih-magazinov-116.htm	https://alli.pub/6lms1z	unreviewed_link_not_product
6032	2023-02-05 08:00:00	6	Контейнеры для изготовления льда	https://exler.es/aliexpress/delimsya-nahodkami-iz-kitajskih-magazinov-116.htm	https://alli.pub/6lmsl8	unreviewed_link_not_product
6032	2023-02-05 08:00:00	7	сервировочный столик	https://exler.es/aliexpress/delimsya-nahodkami-iz-kitajskih-magazinov-116.htm	https://alli.pub/6lmswp	unreviewed_link_not_product
6032	2023-02-05 08:00:00	8	Xiaomi Mijia Bedside Lamp 2	https://exler.es/aliexpress/delimsya-nahodkami-iz-kitajskih-magazinov-116.htm	https://alli.pub/6lmtwh	unreviewed_link_not_product
6032	2023-02-05 08:00:00	9	набор керамических мисок и мисочек оригинальной формы	https://exler.es/aliexpress/delimsya-nahodkami-iz-kitajskih-magazinov-116.htm	https://alli.pub/6lmuqt	unreviewed_link_not_product
6032	2023-02-05 08:00:00	10	вот такой вариант	https://exler.es/aliexpress/delimsya-nahodkami-iz-kitajskih-magazinov-116.htm	https://alli.pub/6lmvje	unreviewed_link_not_product
6073	2023-01-29 08:00:00	0	портативный нагреватель для чашки	https://exler.es/aliexpress/delimsya-nahodkami-iz-kitajskih-magazinov-115.htm	https://alli.pub/6lcjzy	unreviewed_link_not_product
6073	2023-01-29 08:00:00	1	Xiaomi Mi Watch Lite	https://exler.es/aliexpress/delimsya-nahodkami-iz-kitajskih-magazinov-115.htm	https://alli.pub/6lcigq	unreviewed_link_not_product
6073	2023-01-29 08:00:00	2	подставок с колесами	https://exler.es/aliexpress/delimsya-nahodkami-iz-kitajskih-magazinov-115.htm	https://alli.pub/6lciwv	unreviewed_link_not_product
6073	2023-01-29 08:00:00	3	Сумка для переноски	https://exler.es/aliexpress/delimsya-nahodkami-iz-kitajskih-magazinov-115.htm	https://alli.pub/6lcj3v	unreviewed_link_not_product
6073	2023-01-29 08:00:00	4	стеллажей из ткани	https://exler.es/aliexpress/delimsya-nahodkami-iz-kitajskih-magazinov-115.htm	https://alli.pub/6lckdy	unreviewed_link_not_product
6073	2023-01-29 08:00:00	5	сменные амбушюры различных диаметров	https://exler.es/aliexpress/delimsya-nahodkami-iz-kitajskih-magazinov-115.htm	https://alli.pub/6lcmp6	unreviewed_link_not_product
6073	2023-01-29 08:00:00	6	Anker Soundcore Flare Mini	https://exler.es/aliexpress/delimsya-nahodkami-iz-kitajskih-magazinov-115.htm	https://alli.pub/6lcmzv	unreviewed_link_not_product
6073	2023-01-29 08:00:00	7	Керамические чайно-кофейные чашки	https://exler.es/aliexpress/delimsya-nahodkami-iz-kitajskih-magazinov-115.htm	https://alli.pub/6lco78	unreviewed_link_not_product
6073	2023-01-29 08:00:00	8	Самоклеющаяся кожа	https://exler.es/aliexpress/delimsya-nahodkami-iz-kitajskih-magazinov-115.htm	https://alli.pub/6ld190	unreviewed_link_not_product
6073	2023-01-29 08:00:00	9	хлопчатобумажные мужские носки	https://exler.es/aliexpress/delimsya-nahodkami-iz-kitajskih-magazinov-115.htm	https://alli.pub/6ld0g8	unreviewed_link_not_product
6073	2023-01-29 08:00:00	9	разноцветные хлопковые	https://exler.es/aliexpress/delimsya-nahodkami-iz-kitajskih-magazinov-115.htm	https://alli.pub/6ld0um	unreviewed_link_not_product
6104	2023-01-22 08:00:00	0	китайские топ-бренды	https://exler.es/aliexpress/delimsya-nahodkami-iz-kitajskih-magazinov-114.htm	https://alli.pub/6l3lys	unreviewed_link_not_product
6104	2023-01-22 08:00:00	0	доставка за 3-10 дней	https://exler.es/aliexpress/delimsya-nahodkami-iz-kitajskih-magazinov-114.htm	https://alli.pub/6l3m2h	unreviewed_link_not_product
6104	2023-01-22 08:00:00	2	гель-очиститель	https://exler.es/aliexpress/delimsya-nahodkami-iz-kitajskih-magazinov-114.htm	https://alli.pub/6l3joc	unreviewed_link_not_product
6104	2023-01-22 08:00:00	3	саунд-бар от Xiaomi	https://exler.es/aliexpress/delimsya-nahodkami-iz-kitajskih-magazinov-114.htm	https://alli.pub/6l3kd8	unreviewed_link_not_product
6104	2023-01-22 08:00:00	4	Многофункциональная настольная лампа с дисплеем	https://exler.es/aliexpress/delimsya-nahodkami-iz-kitajskih-magazinov-114.htm	https://alli.pub/6l3l33	unreviewed_link_not_product
6104	2023-01-22 08:00:00	5	брелок-мультитул	https://exler.es/aliexpress/delimsya-nahodkami-iz-kitajskih-magazinov-114.htm	https://alli.pub/6l3mdr	unreviewed_link_not_product
6104	2023-01-22 08:00:00	5	вот неплохой вариант	https://exler.es/aliexpress/delimsya-nahodkami-iz-kitajskih-magazinov-114.htm	https://alli.pub/6l3mtp	unreviewed_link_not_product
6104	2023-01-22 08:00:00	6	стикеры с горячими клавишами	https://exler.es/aliexpress/delimsya-nahodkami-iz-kitajskih-magazinov-114.htm	https://alli.pub/6l3n2n	unreviewed_link_not_product
6104	2023-01-22 08:00:00	7	Amazfit GTS 2 mini	https://exler.es/aliexpress/delimsya-nahodkami-iz-kitajskih-magazinov-114.htm	https://alli.pub/6l3nnu	unreviewed_link_not_product
6104	2023-01-22 08:00:00	8	Качественный кабель Type-C - Type-C	https://exler.es/aliexpress/delimsya-nahodkami-iz-kitajskih-magazinov-114.htm	https://alli.pub/6l3nvf	unreviewed_link_not_product
6104	2023-01-22 08:00:00	9	Четыре вида деревянных конструкторов Robotime	https://exler.es/aliexpress/delimsya-nahodkami-iz-kitajskih-magazinov-114.htm	https://alli.pub/6l3og1	unreviewed_link_not_product
6104	2023-01-22 08:00:00	10	"тройник ""7 в 1"""	https://exler.es/aliexpress/delimsya-nahodkami-iz-kitajskih-magazinov-114.htm	https://alli.pub/6l3p8m	unreviewed_link_not_product
6104	2023-01-22 08:00:00	11	защитные стекла для различных моделей айфонов от Hoco	https://exler.es/aliexpress/delimsya-nahodkami-iz-kitajskih-magazinov-114.htm	https://alli.pub/6l3pft	unreviewed_link_not_product
6144	2023-01-15 08:20:00	0	органайзеры для проводов	https://exler.es/aliexpress/delimsya-nahodkami-iz-kitajskih-magazinov-113.htm	https://alli.pub/6kvov1	unreviewed_link_not_product
6144	2023-01-15 08:20:00	0	вот такие торцевые органайзеры	https://exler.es/aliexpress/delimsya-nahodkami-iz-kitajskih-magazinov-113.htm	https://alli.pub/6kvpum	unreviewed_link_not_product
6144	2023-01-15 08:20:00	1	сумка-мессенджер	https://exler.es/aliexpress/delimsya-nahodkami-iz-kitajskih-magazinov-113.htm	https://alli.pub/6kv6kg	unreviewed_link_not_product
6144	2023-01-15 08:20:00	2	UGREEN HiTune X6	https://exler.es/aliexpress/delimsya-nahodkami-iz-kitajskih-magazinov-113.htm	https://alli.pub/6kv7df	unreviewed_link_not_product
6144	2023-01-15 08:20:00	3	насадки на ключи	https://exler.es/aliexpress/delimsya-nahodkami-iz-kitajskih-magazinov-113.htm	https://alli.pub/6kv768	unreviewed_link_not_product
6144	2023-01-15 08:20:00	4	полноразмерный кошелек BISON DENIM	https://exler.es/aliexpress/delimsya-nahodkami-iz-kitajskih-magazinov-113.htm	https://alli.pub/6kv6zt	unreviewed_link_not_product
6144	2023-01-15 08:20:00	5	Увлажнитель и ароматизатор воздуха	https://exler.es/aliexpress/delimsya-nahodkami-iz-kitajskih-magazinov-113.htm	https://alli.pub/6kv7n5	unreviewed_link_not_product
6144	2023-01-15 08:20:00	6	комплект для создания горного пейзажа	https://exler.es/aliexpress/delimsya-nahodkami-iz-kitajskih-magazinov-113.htm	https://alli.pub/6kv7uc	unreviewed_link_not_product
6144	2023-01-15 08:20:00	6	поройтесь в магазине	https://exler.es/aliexpress/delimsya-nahodkami-iz-kitajskih-magazinov-113.htm	https://alli.pub/6kv806	unreviewed_link_not_product
6144	2023-01-15 08:20:00	6	написать свой (или любой другой) портрет по фотографии	https://exler.es/aliexpress/delimsya-nahodkami-iz-kitajskih-magazinov-113.htm	https://alli.pub/6kv80y	unreviewed_link_not_product
6144	2023-01-15 08:20:00	7	Новые модели USB-хабов от Baseus	https://exler.es/aliexpress/delimsya-nahodkami-iz-kitajskih-magazinov-113.htm	https://alli.pub/6kvodc	unreviewed_link_not_product
6144	2023-01-15 08:20:00	8	нашел вроде интересные варианты различных цветов	https://exler.es/aliexpress/delimsya-nahodkami-iz-kitajskih-magazinov-113.htm	https://alli.pub/6kvope	unreviewed_link_not_product
6144	2023-01-15 08:20:00	9	домашние тапки	https://exler.es/aliexpress/delimsya-nahodkami-iz-kitajskih-magazinov-113.htm	https://alli.pub/6kvpn8	unreviewed_link_not_product
6193	2023-01-08 11:06:00	0	выносной микрофон Fifine	https://exler.es/aliexpress/delimsya-nahodkami-iz-kitajskih-magazinov-112.htm	https://alli.pub/6jylyd	unreviewed_link_not_product
6193	2023-01-08 11:06:00	1	держатель для наушников	https://exler.es/aliexpress/delimsya-nahodkami-iz-kitajskih-magazinov-112.htm	https://alli.pub/6kmdbd	unreviewed_link_not_product
6193	2023-01-08 11:06:00	1	вот такой	https://exler.es/aliexpress/delimsya-nahodkami-iz-kitajskih-magazinov-112.htm	https://alli.pub/6kmdj5	unreviewed_link_not_product
6193	2023-01-08 11:06:00	1	на два порта и с кардридером SD	https://exler.es/aliexpress/delimsya-nahodkami-iz-kitajskih-magazinov-112.htm	https://alli.pub/6kmdtu	unreviewed_link_not_product
6193	2023-01-08 11:06:00	1	регулятор громкости звука	https://exler.es/aliexpress/delimsya-nahodkami-iz-kitajskih-magazinov-112.htm	https://alli.pub/6kmeci	unreviewed_link_not_product
6193	2023-01-08 11:06:00	2	эргономичная мышка от Ugreen	https://exler.es/aliexpress/delimsya-nahodkami-iz-kitajskih-magazinov-112.htm	https://alli.pub/6kmeok	unreviewed_link_not_product
6193	2023-01-08 11:06:00	3	70mai Dash Cam A400	https://exler.es/aliexpress/delimsya-nahodkami-iz-kitajskih-magazinov-112.htm	https://alli.pub/6knj8g	unreviewed_link_not_product
6193	2023-01-08 11:06:00	4	многофункциональный влагозащищенный двухсторонний скотч	https://exler.es/aliexpress/delimsya-nahodkami-iz-kitajskih-magazinov-112.htm	https://alli.pub/6knjmu	unreviewed_link_not_product
6193	2023-01-08 11:06:00	5	водонепроницаемая мужская сумка	https://exler.es/aliexpress/delimsya-nahodkami-iz-kitajskih-magazinov-112.htm	https://alli.pub/6knk11	unreviewed_link_not_product
6193	2023-01-08 11:06:00	6	мужские бумажники	https://exler.es/aliexpress/delimsya-nahodkami-iz-kitajskih-magazinov-112.htm	https://alli.pub/6knkod	unreviewed_link_not_product
